병원명,업무구분,대표전화,주소,월요일 진료,화요일 진료,수요일 진료,목요일 진료,금요일 진료,토요일 진료,일요일 진료,공휴일 진료,데이터기준일자
고려대학교의과대학부속안산병원,상급종합병원,031-1577-7516,경기도 안산시 단원구 적금로 123 (고잔동),09:30~16:30,09:30~16:30,09:30~16:30,09:30~16:30,08:30~17:30,09:30~12:00,,,2022-06-01
대아의료재단한도병원,종합병원,031-8040-1114,경기도 안산시 단원구 선부광장로 103 (선부동),09:00~17:00,09:00~17:00,09:00~17:00,09:00~17:00,09:00~17:00,09:00~12:30,,,2022-06-01
의료법인플러스의료재단단원병원,종합병원,031-8040-6600,"경기도 안산시 단원구 원포공원1로 20, 동의성단원병원 (초지동)",09:00~18:00,09:00~18:00,09:00~18:00,09:00~18:00,09:00~18:00,09:00~13:00,,,2022-06-01
고든병원,병원,1577-7870,"경기도 안산시 단원구 고잔로 76, 영풍빌딩 408호일부, 409호, 501~502호, 506호 (고잔동)",09:00~18:00,09:00~18:00,09:00~18:00,09:00~18:00,09:00~18:00,09:00~13:00,,,2022-06-01
두손병원,병원,031-402-0114,경기도 안산시 단원구 선부광장1로 114 (선부동),09:00~17:30,09:00~17:30,09:00~17:30,09:00~17:30,09:00~17:30,09:00~13:00,,,2022-06-01
박진영병원,병원,031-405-2200,"경기도 안산시 단원구 광덕대로 181, 2층, 6,7층일부층 (고잔동, BYC빌딩)",09:00~18:00,09:00~18:00,09:00~18:00,09:00~18:00,09:00~18:00,09:00~13:30,,,2022-06-01
성은병원,병원,031-484-6500,"경기도 안산시 단원구 원포공원1로 19, 원포빌딩 121,122,401,501호 (초지동)",09:00~18:00,09:00~18:00,09:00~18:00,09:00~18:00,09:00~18:00,09:00~13:00,,,2022-06-01
세창의료재단우성여성병원,병원,031-412-3000,경기도 안산시 단원구 고잔로 58-10 (고잔동),09:00~17:30,09:00~17:30,09:00~17:30,09:00~17:30,09:00~17:30,09:00~13:00,10:00~14:00,10:00~14:00,2022-06-01
안산21세기병원,병원,031-482-0114,경기도 안산시 단원구 보화로 50 (고잔동),09:00~17:30,09:00~17:30,09:00~17:30,09:00~17:30,09:00~17:30,09:00~12:30,,,2022-06-01
에이스병원,병원,1800-7575,"경기도 안산시 단원구 화랑로 376, B1, 1층 일부, 2~5층 (고잔동)",09:00~18:00,09:00~18:00,09:00~18:00,09:00~18:00,09:00~18:00,09:00~13:00,,,2022-06-01
온누리병원,병원,031-412-2200,경기도 안산시 단원구 선부로 201 (선부동),09:00~17:30,09:00~17:30,09:00~17:30,09:00~17:30,09:00~17:30,09:00~13:00,00:00~24:00,00:00~24:00,2022-06-01
장동욱병원,병원,031-493-2119,"경기도 안산시 단원구 동산로 60, 3층 (원시동)",09:00~19:30,09:00~19:30,09:00~19:30,09:00~19:30,09:00~19:30,09:00~15:00,,,2022-06-01
제이케이병원,병원,031-364-8858,"경기도 안산시 단원구 예술대학로4길 10, 지하1, 1~3층 (고잔동, 지디스요양원)",09:00~19:00,09:00~17:30,09:00~19:00,09:00~17:30,09:00~19:00,09:00~14:00,,,2022-06-01
치항병원,병원,031-419-3000,경기도 안산시 단원구 고잔2길 2 (고잔동),09:00~18:00,09:00~18:00,09:00~18:00,09:00~18:00,09:00~18:00,09:00~13:00,,,2022-06-01
케이에스병원,병원,031-405-3402,"경기도 안산시 단원구 고잔로 54, 203,302~303호 (고잔동, 에이스타워)",09:00~18:00,09:00~18:00,09:00~18:00,09:00~18:00,09:00~18:00,09:00~13:00,,,2022-06-01
한빛여성병원,병원,031-410-3316,경기도 안산시 단원구 광덕동로 53 (고잔동),09:00~20:00,09:00~20:00,09:00~20:00,09:00~20:00,09:00~20:00,09:00~16:00,09:30~13:00,,2022-06-01
더드림의료소비자생활협동조합미래요양병원,요양병원,031-487-1144,"경기도 안산시 단원구 선부광장1로 38, 401~406호 (선부동, 상록타운)",09:00~18:00,09:00~18:00,09:00~18:00,09:00~18:00,09:00~18:00,,,,2022-06-01
아너스요양병원,요양병원,031-403-0909,"경기도 안산시 단원구 원포공원1로 49, 태영타운 2,3층 209-219, 301-307호 (초지동)",09:00~18:00,09:00~18:00,09:00~18:00,09:00~18:00,09:00~18:00,,,,2022-06-01
안산나래요양병원,요양병원,031-507-3333,"경기도 안산시 단원구 선부광장1로 118, 삼아빌딩 B101, 201, 301, 401, 501호 (선부동)",09:00~18:00,09:00~18:00,09:00~18:00,09:00~18:00,09:00~18:00,,,,2022-06-01
안산조은요양병원,요양병원,031-403-8312,"경기도 안산시 단원구 광덕4로 180 (고잔동,부원프라자 201호, 207호, 301~309호)",09:00~18:00,09:00~18:00,09:00~18:00,09:00~18:00,09:00~18:00,09:00~18:00,,,2022-06-01
안산중앙요양병원,요양병원,031-403-4030,"경기도 안산시 단원구 고잔로 134, 지하2~3층,지상1층, 3~8층 (고잔동)",09:00~18:00,09:00~18:00,09:00~18:00,09:00~18:00,09:00~18:00,,,,2022-06-01
안산효요양병원,요양병원,031-414-7233,"경기도 안산시 단원구 원포공원1로 30, 서해프라자 5층,6층 일부(601,602)호 (초지동)",09:00~18:00,09:00~18:00,09:00~18:00,09:00~18:00,09:00~18:00,09:00~13:00,,,2022-06-01
우리요양병원,요양병원,031-413-5757,"경기도 안산시 단원구 원포공원1로 30, 서해프라자 203,204,301~307호 (초지동)",09:00~17:30,09:00~17:30,09:00~17:30,09:00~17:30,09:00~17:30,,,,2022-06-01
우성요양병원,요양병원,031-599-6000,"경기도 안산시 단원구 중앙대로 861 (고잔동, 우성요양병원)",09:00~17:30,09:00~17:30,09:00~17:30,09:00~17:30,09:00~17:30,09:00~12:30,,,2022-06-01
의료법인더존의료재단 경희요양병원,요양병원,031-402-2222,"경기도 안산시 단원구 광덕대로 162, 광덕대로 154 (고잔동)",09:00~17:30,09:00~17:30,09:00~17:30,09:00~17:30,09:00~17:30,09:00~12:00,,,2022-06-01
의료법인효송의료재단서안산노인전문병원,요양병원,031-406-7777,"경기도 안산시 단원구 원포공원로 54, 프라임아트 104~107호, 201호, 207호, 207-1호, 209호, 210호, 4층, 5층 (초지동)",09:00~18:00,09:00~18:00,09:00~18:00,09:00~18:00,09:00~18:00,,,,2022-06-01
호수요양병원,요양병원,031-475-6114,"경기도 안산시 단원구 광덕1로 159, 대림프라자 115호, 403~404호, 501~503호, 601~607호 (고잔동)",09:00~18:00,09:00~18:00,09:00~18:00,09:00~18:00,09:00~18:00,09:00~13:00,,,2022-06-01
365드림의원,의원,031-364-8015,"경기도 안산시 단원구 선부광장1로 56, 3층 301,308호일부,309호 (선부동)",09:00~19:00,09:00~19:00,09:00~19:00,09:00~19:00,09:00~19:00,09:00~14:00,09:00~14:00,09:00~14:00,2022-06-01
강남바른추의원,의원,031-405-8275,"경기도 안산시 단원구 광덕3로 167, 신영프라자 303,304호 (고잔동)",09:00~20:00,09:00~20:00,09:00~20:00,09:00~20:00,09:00~20:00,09:00~15:00,,,2022-06-01
강남의원,의원,031-491-6666,"경기도 안산시 단원구 원선1로 38, 상가동 206~210호 (초지동,  )",08:00~18:00,08:00~18:00,08:00~18:00,08:00~18:00,08:00~18:00,08:00~13:00,,,2022-06-01
강남피부과의원,의원,031-507-0060,"경기도 안산시 단원구 고잔2길 45, 403호 (고잔동, 크스모플라자)",10:00~19:00,10:00~20:00,10:00~19:00,,10:00~20:00,10:00~15:00,,,2022-06-01
건강한미래항외과의원,의원,031-414-8275,"경기도 안산시 단원구 광덕2로 185, 금성센터빌딩 201~203호 (고잔동)",09:00~18:30,09:00~18:30,09:00~18:30,09:00~18:30,09:00~18:30,09:00~13:30,,,2022-06-01
건외과의원,의원,031-493-8274,"경기도 안산시 단원구 다문화2길 51, 3층 (원곡동)",09:00~21:00,09:00~21:00,09:00~21:00,09:00~21:00,09:00~21:00,09:00~13:00,09:00~13:00,09:00~13:00,2022-06-01
경혜신소아과의원,의원,031-485-1063,"경기도 안산시 단원구 예술대학로 83, 202호 (고잔동)",09:00~18:30,09:00~18:30,09:00~13:00,09:00~18:30,09:00~18:30,09:00~13:00,,,2022-06-01
고광섭내과의원,의원,031-403-1482,"경기도 안산시 단원구 화랑로 358, 206호 (고잔동)",09:00~18:00,09:00~18:00,09:00~18:00,09:00~18:00,09:00~18:00,09:00~13:00,,,2022-06-01
고대정형외과의원,의원,031-480-7555,"경기도 안산시 단원구 선부로 245, 1~4층 (와동)",09:30~19:00,09:30~19:00,09:30~19:00,09:30~19:00,09:30~19:00,09:00~14:00,,,2022-06-01
고려가정의원,의원,031-484-6047,"경기도 안산시 단원구 인현중앙길 25, 204-1,2호 (고잔동, 삼두상가)",09:00~19:00,09:00~19:00,09:00~19:00,09:00~19:00,09:00~19:00,09:00~15:00,,,2022-06-01
고려메디웰의원,의원,031-475-2727,"경기도 안산시 단원구 광덕대로 181, 3층 (고잔동, BYC빌딩)",09:00~17:00,09:00~17:00,09:00~17:00,09:00~17:00,09:00~17:00,09:00~14:00,,,2022-06-01
고려신경외과의원,의원,031-482-5072,"경기도 안산시 단원구 화랑로 358, 213,214호 (고잔동, 자유센타)",09:30~18:00,09:30~18:00,09:30~18:00,09:30~18:00,09:30~18:00,09:30~13:00,,,2022-06-01
고려정외과의원,의원,031-487-9897,경기도 안산시 단원구 광덕3로 178  (고잔동),09:00~19:00,09:00~19:00,09:00~19:00,09:00~19:00,09:00~19:00,09:00~14:00,,,2022-06-01
고은산부인과의원,의원,031-492-5700,"경기도 안산시 단원구 중앙대로 459, 4층 (원곡동)",10:00~19:00,10:00~19:00,10:00~19:00,10:00~19:00,10:00~19:00,10:00~17:00,12:00~17:00,12:00~17:00,2022-06-01
고잔명내과의원,의원,031-402-7600,"경기도 안산시 단원구 고잔2길 45, 코스모프라자 8층 (고잔동)",09:00~18:00,09:00~18:00,09:00~18:00,09:00~13:00,09:00~18:00,09:00~13:00,,,2022-06-01
고잔방사선과의원,의원,031-504-7577,"경기도 안산시 단원구 광덕대로 151, 508호 (고잔동, 삼영타운)",09:00~18:00,09:00~18:00,09:00~18:00,09:00~18:00,09:00~18:00,09:00~13:00,,,2022-06-01
고잔연세소아청소년과의원,의원,031-503-1119,"경기도 안산시 단원구 광덕대로 174, B동 503,507-2호 (고잔동, 월드타운)",08:00~22:00,08:00~22:00,08:00~22:00,08:00~22:00,08:00~22:00,08:00~16:00,09:00~13:00,09:00~16:00,2022-06-01
고잔우리들소아과의원,의원,031-411-5005,"경기도 안산시 단원구 초지로 100, 305호 (초지동, 세종프라자)",09:00~19:00,09:00~19:00,09:00~19:00,09:00~19:00,09:00~19:00,09:00~14:00,,,2022-06-01
고잔이비인후과의원,의원,031-411-5075,경기도 안산시 단원구 광덕동로 55  (고잔동),09:00~18:30,09:00~18:30,09:00~18:30,09:00~18:30,09:00~18:30,09:00~13:00,,09:00~12:00,2022-06-01
고잔제일소아과의원,의원,031-401-5990,"경기도 안산시 단원구 원포공원1로 49, 201,202호 (초지동, 태영타운)",09:00~21:00,09:00~21:00,09:00~21:00,09:00~21:00,09:00~18:00,09:00~16:00,09:00~13:00,09:00~13:00,2022-06-01
고잔하나이비인후과의원,의원,031-486-9681,"경기도 안산시 단원구 광덕대로 174, 208호 (고잔동, 월드타운)",09:00~19:00,09:00~19:00,14:00~19:00,09:00~19:00,09:00~19:00,09:00~14:00,,,2022-06-01
굿모닝의원,의원,032-881-7555,"경기도 안산시 단원구 대부중앙로 105, 2층 207호 (대부북동)",08:30~17:30,08:30~17:30,08:30~13:00,08:30~17:30,08:30~17:30,08:30~13:30,,,2022-06-01
굿모닝이비인후과의원,의원,031-410-2209,"경기도 안산시 단원구 선부광장1로 70, 2층 (선부동)",09:00~19:00,09:00~19:00,09:00~19:00,09:00~19:00,09:00~19:00,09:00~15:00,,,2022-06-01
굿이비인후과의원,의원,031-439-5075,"경기도 안산시 단원구 고잔로 88, 606호, 예술대학로 17, 919호 (고잔동)",09:00~19:00,09:00~19:00,09:00~19:00,09:00~19:00,09:00~19:00,09:00~14:00,,,2022-06-01
기분조은이비인후과의원,의원,031-486-4652,"경기도 안산시 단원구 선부광장1로 56, 308호 (선부동, 일성미즈마트)",09:00~19:00,09:00~19:00,14:00~19:00,09:00~19:00,09:00~19:00,09:00~14:00,,,2022-06-01
길맨비뇨기과의원,의원,031-487-7582,"경기도 안산시 단원구 중앙대로 907, 1동 4층 1401호 (고잔동, 안산종합상가)",09:30~18:00,09:30~18:00,09:30~18:00,14:00~18:00,09:30~18:00,09:30~16:00,,,2022-06-01
김내과의원,의원,031-484-2636,"경기도 안산시 단원구 고잔1길 16, 501호 (고잔동, 중앙아케이트빌딩)",09:00~18:00,09:00~18:00,09:00~18:00,09:00~18:00,09:00~18:00,09:00~13:00,,,2022-06-01
김비뇨기과의원,의원,031-484-1991,"경기도 안산시 단원구 예술대학로 9, 308호 (고잔동, 보배프라자)",09:30~18:30,09:30~18:30,09:30~18:30,09:30~18:30,09:30~18:30,09:30~15:00,,,2022-06-01
김안과의원,의원,031-410-7744,"경기도 안산시 단원구 선부광장1로 70, 304호 (선부동)",09:30~19:00,09:30~19:00,09:30~19:00,09:30~19:00,09:30~19:00,09:30~15:00,,,2022-06-01
김영수비뇨기과의원,의원,031-403-6467,"경기도 안산시 단원구 선부광장1로 62, 303,304호 (선부동)",09:00~18:30,09:00~18:30,09:00~18:30,09:00~18:30,09:00~18:30,09:00~13:00,,,2022-06-01
김영준내과의원,의원,031-483-3175,"경기도 안산시 단원구 선부광장1로 62, 308호 (선부동, 동원빌딩)",09:00~18:30,09:00~18:30,09:00~18:30,09:00~13:00,09:00~18:30,09:00~13:00,,,2022-06-01
김장호성형외과의원,의원,031-486-2006,"경기도 안산시 단원구 예술대학로 17, 518호 (고잔동, 중앙노블레스빌딩)",10:00~18:30,10:00~18:30,10:00~18:30,10:00~18:30,10:00~18:30,10:00~15:30,,,2022-06-01
김재덕성형외과의원,의원,031-410-4300,"경기도 안산시 단원구 고잔1길 40, 4층 402호 (고잔동, 동원빌딩)",10:00~19:00,10:00~19:00,10:00~19:00,10:00~19:00,10:00~19:00,10:00~16:00,,,2022-06-01
김정우외과의원,의원,031-486-6633,경기도 안산시 단원구 고잔로 76,09:00~18:30,09:00~18:30,09:00~18:30,09:00~18:30,09:00~18:30,09:00~15:30,,,2022-06-01
김태준내과의원,의원,031-483-7575,"경기도 안산시 단원구 원선로 50, 406호 (원곡동, 벽산상가)",09:00~19:00,09:00~19:00,09:00~19:00,09:00~19:00,09:00~19:00,09:00~14:00,,,2022-06-01
김한규정형외과의원,의원,031-418-0119,"경기도 안산시 단원구 광덕1로 195, 광장타워 402호 (고잔동)",09:30~18:30,09:30~18:30,09:30~18:30,09:30~18:30,09:30~18:30,09:30~13:00,,,2022-06-01
꾸러기소아청소년과의원,의원,031-482-6900,"경기도 안산시 단원구 선부광장1로 82 (선부동, 서림프라자)",09:00~19:00,09:00~19:00,09:00~13:00,09:00~19:00,09:00~19:00,09:00~14:00,,,2022-06-01
내마음내과의원,의원,031-480-6870,"경기도 안산시 단원구 예술대학로 17, 504호,505호 (고잔동, 중앙노블레스)",09:00~18:00,09:00~18:00,09:00~18:00,09:00~18:00,09:00~18:00,08:00~13:00,,,2022-06-01
넘버원정형외과의원,의원,031-482-1175,"경기도 안산시 단원구 광덕4로 234, 2층 209~213호 (고잔동, 천혜로데오프라자)",10:00~20:00,10:00~20:00,10:00~20:00,10:00~20:00,09:00~19:00,09:00~14:00,,,2022-06-01
노블클래식의원,의원,031-403-1121,"경기도 안산시 단원구 고잔로 88, 605호 (고잔동)",10:00~19:00,10:00~20:00,10:00~19:00,,10:00~20:00,09:00~15:00,,,2022-06-01
노상원정형외과의원,의원,031-483-2211,"경기도 안산시 단원구 원초로 30, 보성프라자 3층 307호 (원곡동)",09:00~19:00,09:00~19:00,09:00~19:00,09:00~19:00,09:00~19:00,09:00~15:00,,,2022-06-01
다시봄날의원,의원,031-522-5050,"경기도 안산시 단원구 광덕대로 168, 신화타운 502호 (고잔동)",10:00~20:30,10:00~20:30,10:00~20:30,10:00~20:30,10:00~20:30,10:00~16:00,,,2022-06-01
닥터디자이너의원,의원,031-506-9372~4,"경기도 안산시 단원구 고잔1길 33, 봉산빌딩 302호 (고잔동)",10:00~18:00,10:00~18:00,10:00~18:00,10:00~18:00,10:00~18:00,,,,2022-06-01
닥터스피부과의원,의원,031-509-6606,"경기도 안산시 단원구 고잔2길 59, 601호 (고잔동, 신세기빌딩)",10:00~19:30,10:00~18:30,10:00~18:30,10:00~18:30,10:00~19:30,10:00~16:00,,,2022-06-01
닥터준의원,의원,031-364-8253,"경기도 안산시 단원구 선부광장1로 56, 3층 306호 (선부동)",09:30~20:00,09:30~20:00,09:30~20:00,,09:30~20:00,09:30~16:00,,,2022-06-01
단원맑은안과의원,의원,031-8040-5588,"경기도 안산시 단원구 원포공원1로 20, 3층 304호 (초지동)",09:00~18:00,09:00~18:00,09:00~18:00,09:00~18:00,09:00~18:00,09:00~13:00,,,2022-06-01
대한산업보건협회부설안산성모의원,의원,031-498-1063,경기도 안산시 단원구 신길로1길 86 (신길동),08:30~17:30,08:30~17:30,08:30~17:30,08:30~17:30,08:30~17:30,08:30~12:30,,,2022-06-01
더베스트내과의원,의원,031-487-1119,"경기도 안산시 단원구 광덕대로 154, 로데오타운 A동 202,205,216-1,217,218,220~222호 (고잔동)",09:00~18:00,09:00~18:00,09:00~18:00,09:00~18:00,09:00~18:00,09:00~13:00,,,2022-06-01
더푸른의원,의원,031-413-0150,"경기도 안산시 단원구 원초로 23, 안산8차푸르지오상가 상가동 B06-1,B07,B07-1호 (원곡동)",09:00~19:00,09:00~19:00,09:00~19:00,09:00~19:00,09:00~19:00,09:00~15:00,,,2022-06-01
두리연합의원,의원,031-411-0606,"경기도 안산시 단원구 라성로 36, B동 201호 (원곡동)",09:00~19:30,09:00~19:30,09:00~19:30,09:00~19:30,09:00~19:30,09:00~16:00,,,2022-06-01
드림소아청소년과의원,의원,031-401-9975,"경기도 안산시 단원구 원포공원1로 46, 1층 (초지동, 이마트)",10:00~18:30,10:00~18:30,10:00~18:30,10:00~18:30,10:00~18:30,10:00~18:00,10:00~18:00,10:00~18:00,2022-06-01
라임한의원,의원,031-418-7575,"경기도 안산시 단원구 고잔로 88, 702,703,704호 (고잔동)",09:30~18:30,09:30~18:30,09:30~18:30,09:30~18:30,09:30~18:30,09:30~13:00,,,2022-06-01
라파통증의학과의원,의원,031-494-7585,"경기도 안산시 단원구 라성로 43, 벽산블루밍아파트 308~309,313~315호 (원곡동)",09:00~20:00,14:00~20:00,09:00~20:00,14:00~20:00,09:00~20:00,09:00~14:00,,,2022-06-01
로앤산부인과의원,의원,031-414-8833,"경기도 안산시 단원구 고잔1길 33, 2층 (고잔동, 봉산빌딩)",10:00~21:00,10:00~21:00,10:00~21:00,10:00~21:00,10:00~21:00,10:00~18:00,,09:00~13:00,2022-06-01
루르드여성의원,의원,031-439-2079,경기도 안산시 단원구 광덕대로 174 (고잔동),09:00~20:00,09:00~20:00,,09:00~20:00,09:00~20:00,09:00~17:00,,,2022-06-01
루카스건강검진센터루카스내과의원,의원,1833-5113,"경기도 안산시 단원구 광덕2로 164, 164-4, 4층 (고잔동)",09:00~17:00,09:00~17:00,09:00~17:00,09:00~17:00,09:00~17:00,09:00~13:00,,,2022-06-01
마디웰정형외과의원,의원,031-439-5475,"경기도 안산시 단원구 선부광장1로 30 (선부동, 단원프라자)",09:00~19:30,09:00~19:30,09:00~19:30,09:00~19:30,09:00~19:30,09:00~14:00,,,2022-06-01
마디편한의원,의원,031-414-7133,"경기도 안산시 단원구 와동공원로 145, 2,3층 (와동)",09:00~19:00,09:00~19:00,09:00~19:00,09:00~19:00,09:00~19:00,09:00~13:00,,09:00~13:00,2022-06-01
마음의날씨정신건강의학과의원,의원,031-402-1789,"경기도 안산시 단원구 선부광장1로 82, 서림프라자 3층 305호 (선부동)",10:00~19:00,10:00~20:00,10:00~14:00,10:00~19:00,10:00~20:00,10:00~14:00,,10:00~19:00,2022-06-01
마음토닥정신건강의학과의원,의원,031-483-5989,"경기도 안산시 단원구 광덕대로 174, C동 518호 (고잔동, 월드타운)",10:00~18:30,10:00~18:30,14:00~20:30,10:00~18:30,10:00~18:30,09:30~14:30,,,2022-06-01
맑은누리의원,의원,031-411-7979,"경기도 안산시 단원구 광덕대로 181 (고잔동, (고잔동 BYC빌딩 505호))",10:00~19:00,10:00~19:00,10:00~19:00,10:00~19:00,10:00~19:00,10:00~16:00,,,2022-06-01
맑은샘이비인후과의원,의원,031-401-3175,"경기도 안산시 단원구 라성로 43, 벽산블루밍아파트 401,402,403,404,404-1호 (원곡동)",09:00~18:30,09:00~18:30,09:00~18:30,09:00~18:30,09:00~18:30,09:00~13:00,,,2022-06-01
맑은수내과의원,의원,031-503-5700,"경기도 안산시 단원구 광덕4로 220, 밀레니엄프라자 301~304호 (고잔동)",09:00~18:00,09:00~18:00,09:00~18:00,09:00~18:00,09:00~18:00,09:00~13:00,,09:00~13:00,2022-06-01
맑은안과의원,의원,031-486-4500,"경기도 안산시 단원구 라성로 43 (원곡동,벽산상가 3층 311,312호)",09:00~19:00,09:00~19:00,09:00~19:00,09:00~19:00,09:00~19:00,09:00~14:00,,,2022-06-01
메이퀸이지은산부인과의원,의원,031-401-7777,"경기도 안산시 단원구 선부광장1로 10, 302호, 501(일부)호 (선부동, 동양빌딩)",09:00~19:00,14:00~19:00,09:00~19:00,14:00~19:00,09:00~19:00,09:00~15:00,,,2022-06-01
멘파워비뇨기과의원,의원,031-411-5700,"경기도 안산시 단원구 광덕4로 112, 302~304호 (고잔동, 슈마프라자)",09:30~18:00,09:30~18:00,09:30~18:00,09:30~18:00,09:30~18:00,09:30~13:00,,,2022-06-01
명문소아청소년과의원,의원,031-439-3363,"경기도 안산시 단원구 고잔로 76 (고잔동, 영풍프라자 3층)",09:00~18:00,09:00~18:00,09:00~18:00,09:00~18:00,09:00~18:00,09:00~14:00,,,2022-06-01
명성의원,의원,031-485-8503,"경기도 안산시 단원구 북촌3길 19-1, 101,201,202호 (선부동)",09:00~19:00,09:00~18:00,09:00~12:30,09:00~19:00,09:00~18:00,09:00~12:30,,,2022-06-01
모아내과의원,의원,031-405-3567,경기도 안산시 단원구 고잔1길 17  (고잔동),09:00~20:00,09:00~20:00,09:00~20:00,09:00~20:00,09:00~20:00,09:00~14:00,,,2022-06-01
미드림의원,의원,031-410-5700,"경기도 안산시 단원구 광덕3로 167, 301,302호 (고잔동, 신영프라자)",10:00~19:00,10:00~21:00,10:00~19:00,10:00~19:00,10:00~21:00,10:00~16:00,,,2022-06-01
미래연합의원,의원,031-405-8575,"경기도 안산시 단원구 보배4길 1, 2층 (고잔동)",09:00~18:30,09:00~18:30,09:00~18:30,09:00~18:30,09:00~18:30,09:00~12:30,,,2022-06-01
미모산부인과의원,의원,031-402-3361,경기도 안산시 단원구 고잔로 76 (고잔동),09:30~18:00,09:30~19:30,09:30~18:00,09:30~18:00,09:30~19:30,09:30~13:30,,,2022-06-01
미앤미의원,의원,031-439-0110,"경기도 안산시 단원구 고잔1길 7, 3층 304호 (고잔동, 석탑프라자)",10:00~19:00,10:00~19:00,13:00~21:00,10:00~19:00,13:00~21:00,10:00~16:00,,,2022-06-01
바른연세정형외과의원,의원,031-408-8500,"경기도 안산시 단원구 선부광장1로 82, 서림프라자 3층 내부적 301,302호 (선부동)",09:00~19:00,09:00~19:00,09:00~19:00,09:00~19:00,09:00~19:00,09:00~14:00,,,2022-06-01
밝은마음정신건강의학과의원,의원,031-410-0210,"경기도 안산시 단원구 선부광장1로 38, 301,307,308호 (선부동, 상록타운)",10:00~18:30,10:00~18:30,10:00~18:30,10:00~18:30,10:00~18:30,,,,2022-06-01
배현미산부인과의원,의원,031-401-9186,"경기도 안산시 단원구 예술대학로 20, 202호 (고잔동, 전원빌딩)",09:30~19:00,09:30~19:00,14:00~19:00,09:30~19:00,09:30~19:00,09:30~13:00,,,2022-06-01
보라성형외과의원,의원,031-483-3366,"경기도 안산시 단원구 고잔1길 7, 3층 306~308호 (고잔동, 석탑프라자)",10:00~18:30,10:00~18:30,10:00~18:30,10:00~18:30,10:00~18:30,10:00~14:00,,,2022-06-01
본이비인후과의원,의원,031-411-7727,경기도 안산시 단원구 선부광장1로 62  (선부동),09:00~19:00,09:00~19:00,09:00~19:00,09:00~19:00,09:00~19:00,09:00~14:00,,,2022-06-01
블리비의원,의원,1833-6329,"경기도 안산시 단원구 고잔로 108, 대동조이월드 208,209,210호 (고잔동)",,10:30~19:00,10:30~19:00,10:30~19:00,10:30~19:00,10:30~16:00,,,2022-06-01
비에이성형외과의원,의원,031-485-7575,"경기도 안산시 단원구 광덕동로 91, 206,207호 (고잔동, 씨티프라자)",10:00~18:30,10:00~18:30,10:00~18:30,10:00~18:30,10:00~18:30,10:00~16:00,,,2022-06-01
사랑샘의원,의원,031-402-7533,"경기도 안산시 단원구 초지동로 7, 203호 (초지동, 한남스포랜드)",09:00~18:00,09:00~18:00,09:00~18:00,09:00~18:00,09:00~18:00,,,,2022-06-01
사회복지법인강물부설 안산제일복지의원,의원,031-482-7002,경기도 안산시 단원구 원초로 76 (초지동),08:30~17:30,08:30~17:30,08:30~17:30,08:30~17:30,08:30~17:30,08:30~12:30,,,2022-06-01
삼성드림의원,의원,031-403-8575,"경기도 안산시 단원구 화정천동로4길 24 (와동, 진목공)",09:00~19:00,09:00~19:00,09:00~19:00,09:00~19:00,09:00~19:00,09:00~16:00,,,2022-06-01
삼성참편한내과의원,의원,031-483-5678,"경기도 안산시 단원구 화랑로 103, 라성프라자 C동 1층 A1~A8, 115호 (원곡동)",08:30~18:30,08:30~18:30,08:30~18:30,08:30~18:30,08:30~18:30,08:30~14:00,,,2022-06-01
새론마음의원,의원,031-487-8155,경기도 안산시 단원구 광덕대로 181 (고잔동),10:00~16:30,10:00~18:30,10:00~18:30,10:00~18:30,10:00~18:30,09:00~14:30,,,2022-06-01
서울가정의원,의원,031-401-1275,"경기도 안산시 단원구 화정로 95, 2층 (와동)",09:00~21:00,09:00~21:00,09:00~21:00,09:00~21:00,09:00~21:00,09:00~15:00,12:00~18:00,,2022-06-01
서울김안과의원,의원,031-483-7581,경기도 안산시 단원구 광덕1로 55  (초지동),09:00~19:00,09:00~19:00,09:00~19:00,09:00~19:00,09:00~19:00,09:00~13:00,,,2022-06-01
서울안과의원,의원,031-507-0234,"경기도 안산시 단원구 광덕대로 174, B동 407,505호 (고잔동, 월드타운)",10:00~20:00,10:00~18:30,10:00~18:30,10:00~20:00,10:00~18:30,09:40~14:00,,,2022-06-01
서울엔(N)비뇨기과의원,의원,031-503-8585,"경기도 안산시 단원구 고잔2길 41, 신양복합빌딩 305, 306호 (고잔동)",09:30~20:00,09:30~19:00,09:30~20:00,09:30~19:00,09:30~20:00,09:30~16:00,,,2022-06-01
서울유항외과의원,의원,031-439-7571,"경기도 안산시 단원구 예술대학로 17 (고잔동, 안산중앙노블레스)",09:00~18:00,09:00~18:00,09:00~13:00,09:00~18:00,09:00~18:00,09:00~15:30,,,2022-06-01
서울윤가정의학과의원,의원,031-364-8119,"경기도 안산시 단원구 선삼로 21, 1층 (선부동)",09:00~18:30,09:00~18:30,14:00~18:30,09:00~18:30,09:00~18:30,09:00~12:30,,,2022-06-01
서울참피부과의원,의원,031-414-0075,"경기도 안산시 단원구 광덕대로 174, 504호 (고잔동, 월드타운)",10:00~20:30,10:00~19:00,,10:00~20:30,10:00~19:00,10:00~16:00,,,2022-06-01
석산정신건강의학과의원,의원,031-411-8114,"경기도 안산시 단원구 고잔로 76, 영풍빌딩 306호 (고잔동)",09:30~18:00,09:30~18:00,09:30~13:00,09:30~18:00,09:30~20:00,09:30~13:00,,,2022-06-01
선내과의원,의원,031-483-0333,"경기도 안산시 단원구 선부로 187, 유송프라자 3,4층 일부호 (선부동)",08:30~18:00,08:30~17:00,08:30~18:00,08:30~13:00,08:30~18:00,08:30~13:00,,,2022-06-01
선부고려소아과의원,의원,031-439-4378,"경기도 안산시 단원구 석수로5길 13, 2층 (선부동)",08:30~20:00,08:30~20:00,08:30~20:00,08:30~20:00,08:30~20:00,08:30~17:00,,08:30~14:00,2022-06-01
선부연세내과의원,의원,031-410-5080,"경기도 안산시 단원구 선부로 183, 3층 305-1,306~307호 (선부동, 화성프라자)",09:00~18:00,09:00~18:00,09:00~18:00,09:00~18:00,09:00~18:00,09:00~15:00,,,2022-06-01
선부재활의학과의원,의원,031-403-7588,"경기도 안산시 단원구 선부광장1로 70, 401호 (선부동, 군자빌딩)",09:00~19:00,09:00~19:00,09:00~19:00,09:00~19:00,09:00~19:00,09:00~14:00,,,2022-06-01
선부한빛의원,의원,031-480-0206,"경기도 안산시 단원구 달미로 84, 2~3층 (선부동)",08:30~18:00,08:30~18:00,08:30~18:00,08:30~18:00,08:30~18:00,08:30~13:00,,,2022-06-01
성모마음아정신건강의학과의원,의원,031-439-1004,"경기도 안산시 단원구 선부광장1로 56, 3층 305호 (선부동)",09:00~18:00,09:00~18:00,09:00~18:00,09:00~18:00,09:00~18:00,,,,2022-06-01
성모안과의원,의원,031-403-9111,"경기도 안산시 단원구 선부광장1로 56, 404호 (선부동, 일성빌딩)",09:00~18:30,09:00~18:30,09:00~18:30,09:00~18:30,09:00~18:30,09:00~13:00,,,2022-06-01
성모이비인후과의원,의원,031-485-0585,"경기도 안산시 단원구 선부광장1로 66, 207호 (선부동, 용헌빌딩)",09:00~19:00,09:00~19:00,09:00~19:00,09:00~19:00,09:00~19:00,09:00~17:00,,09:00~17:00,2022-06-01
성민의원,의원,031-493-7572,"경기도 안산시 단원구 중앙대로 457, 2,3층 (원곡동)",09:00~22:00,09:00~22:00,09:00~22:00,09:00~22:00,09:00~22:00,09:00~22:00,09:00~22:00,09:00~22:00,2022-06-01
세인트파크산부인과의원,의원,031-414-4800,"경기도 안산시 단원구 광덕대로 174, 월드타운 B동 404호 (고잔동)",09:30~21:00,09:30~21:00,09:30~21:00,09:30~21:00,09:30~21:00,09:30~16:00,,,2022-06-01
세종정형외과의원,의원,031-439-7500,"경기도 안산시 단원구 초지로 100, 306~308호 (초지동, 세종프라자)",09:00~19:00,09:00~19:00,09:00~19:00,09:00~19:00,09:00~19:00,09:00~14:00,,,2022-06-01
소문난연세마취통증의학과의원,의원,031-410-7582,"경기도 안산시 단원구 광덕대로 187, 211,212.213호 (고잔동, 장은타워)",10:00~19:00,10:00~19:00,10:00~19:00,10:00~19:00,10:00~19:00,10:00~14:00,,,2022-06-01
속편한내과의원,의원,031-413-0852,"경기도 안산시 단원구 고잔로 54, 402호-405호 (고잔동, 에이스타워)",08:30~18:00,08:30~18:00,08:30~18:00,08:30~18:00,08:30~18:00,08:30~14:30,,,2022-06-01
송기헌소아과의원,의원,031-401-1373,"경기도 안산시 단원구 화정로 6, 208호 (선부동, 삼희프라자)",09:00~19:00,09:00~19:00,09:00~19:00,09:00~19:00,09:00~19:00,09:00~16:00,10:00~12:00,09:00~13:00,2022-06-01
신길가정의학과의원,의원,031-365-5327,"경기도 안산시 단원구 도일로 60-15, 401호 (신길동)",09:00~19:00,09:00~19:00,09:00~19:00,09:00~19:00,09:00~19:00,09:00~13:00,,,2022-06-01
신태식정형외과의원,의원,031-495-1333,경기도 안산시 단원구 화랑로 41 (원곡동),09:00~18:30,09:00~18:30,09:00~18:30,09:00~18:30,09:00~18:30,09:00~14:30,,,2022-06-01
안산마디튼튼의원,의원,031-403-7585,"경기도 안산시 단원구 예술대학로 9, 보배프라자 601,602호 (고잔동)",09:00~18:00,09:00~18:00,09:00~18:00,09:00~18:00,09:00~18:00,,,,2022-06-01
안산방사선과의원,의원,031-487-0304,"경기도 안산시 단원구 광덕2로 164, 2층 (고잔동, 메디피아빌딩)",09:00~18:00,09:00~18:00,09:00~18:00,09:00~18:00,09:00~18:00,09:00~14:00,,,2022-06-01
안산봄내과의원,의원,031-365-5193,"경기도 안산시 단원구 선부광장1로 84, 새한프라자 301,303호 (선부동)",10:00~18:00,10:00~18:00,10:00~18:00,10:00~18:00,10:00~18:00,,,,2022-06-01
안산산부인과의원,의원,031-495-4587,"경기도 안산시 단원구 원곡로 61, 2층 (원곡동)",09:00~18:30,09:00~18:30,09:00~18:30,09:00~18:30,09:00~18:30,09:00~15:00,,,2022-06-01
안산서해의원,의원,031-491-8008,"경기도 안산시 단원구 화랑로 65-1 (원곡동, (지하 1층~3층))",09:00~20:00,09:00~20:00,09:00~20:00,09:00~20:00,09:00~20:00,09:00~17:00,09:00~17:00,09:00~17:00,2022-06-01
안산성모정형외과의원,의원,031-405-4700,"경기도 안산시 단원구 선부광장1로 56, 4층 401,407호 (선부동)",09:00~19:00,09:00~19:00,09:00~19:00,09:00~19:00,09:00~19:00,09:00~15:00,,,2022-06-01
안산연세안과의원,의원,031-487-9077,경기도 안산시 단원구 고잔2길 59,09:30~18:30,09:30~20:00,09:30~18:30,09:30~18:30,09:30~20:00,09:30~15:00,,09:30~15:00,2022-06-01
안산예쁨주의쁨의원,의원,031-402-7717,"경기도 안산시 단원구 고잔로 88, 305, 310, 311호 (고잔동)",10:30~21:00,10:30~21:00,10:30~20:00,10:30~20:00,10:30~21:00,10:30~17:00,,,2022-06-01
안산우리정신건강의학과의원,의원,031-487-3375,"경기도 안산시 단원구 광덕4로 260, 501~505호 (고잔동, 윈윈프라자)",09:00~18:00,09:00~18:00,09:00~18:00,09:00~18:00,09:00~18:00,09:00~14:00,,,2022-06-01
안산윤내과의원,의원,031-487-8072,"경기도 안산시 단원구 초지동로 35, 2층 (초지동)",08:30~18:00,08:30~18:00,08:30~18:00,08:30~18:00,08:30~18:00,08:30~13:00,,,2022-06-01
안산적성의원,의원,031-481-8427,"경기도 안산시 단원구 순환로 352 (와동, 안산운전면허시험장)",09:00~18:00,09:00~18:00,09:00~18:00,09:00~18:00,09:00~18:00,09:00~13:00,,,2022-06-01
안산중앙내과의원,의원,031-481-8275,"경기도 안산시 단원구 고잔로 88, 505, 506호 (고잔동)",09:00~19:00,09:00~19:00,09:00~19:00,09:00~19:00,09:00~19:00,09:00~14:00,,,2022-06-01
안산중앙역마취통증의학과의원,의원,031-402-7585,"경기도 안산시 단원구 고잔로 72, 503~507호 (고잔동)",10:00~20:30,10:00~20:30,10:00~20:30,10:00~20:30,10:00~18:30,10:00~14:00,,,2022-06-01
안산중앙튼튼탑의원,의원,031-8088-7588,"경기도 안산시 단원구 고잔1길 7, 석탑프라자 401~403호 (고잔동)",09:00~19:00,09:00~21:00,09:00~19:00,09:00~21:00,09:00~19:00,09:00~14:00,,,2022-06-01
안산테크마의원,의원,031-412-2900,"경기도 안산시 단원구 광덕2로 164, 2,3층 (고잔동, 메디피아)",09:00~18:00,09:00~18:00,09:00~18:00,09:00~18:00,09:00~18:00,09:00~14:00,,,2022-06-01
안산휴의원,의원,031-475-4116,"경기도 안산시 단원구 고잔로 88, 409호 (고잔동)",10:00~18:00,10:00~18:00,10:00~18:00,10:00~18:00,10:00~18:00,10:00~13:00,,,2022-06-01
안승찬내과의원,의원,031-507-7585,"경기도 안산시 단원구 광덕3로 178, 304호 (고잔동, 화승타운)",09:00~18:30,09:00~18:30,09:00~18:30,09:00~18:30,09:00~18:30,09:00~14:00,,09:00~13:00,2022-06-01
압구정디오성형외과의원,의원,031-405-0351,"경기도 안산시 단원구 고잔2길 45, 402호 (고잔동, 코스모프라자)",10:00~19:00,10:00~19:00,10:00~19:00,10:00~19:00,10:00~19:00,10:00~16:00,,,2022-06-01
압구정라인의원,의원,031-414-7575,경기도 안산시 단원구 광덕대로 187 (고잔동),10:00~19:00,10:00~19:00,10:00~19:00,10:00~19:00,10:00~19:00,10:00~16:00,,,2022-06-01
양은수내과의원,의원,031-401-8517,"경기도 안산시 단원구 초지로 100, 302호 (초지동, 세종프라자)",09:00~19:00,09:00~19:00,09:00~19:00,09:00~19:00,09:00~19:00,09:00~13:00,,,2022-06-01
에스미의원,의원,031-475-7582,"경기도 안산시 단원구 고잔로 76 205호(고잔동, 영풍프라자) (고잔동)",09:30~19:00,09:30~19:00,09:30~19:00,09:30~19:00,09:30~19:00,09:30~15:30,,,2022-06-01
에스안과의원,의원,031-413-8555,"경기도 안산시 단원구 고잔로 76, 영풍빌딩 401,403-1,404,406,407,408-1호 (고잔동)",09:30~18:30,09:30~20:00,09:30~18:30,09:30~18:30,09:30~18:30,09:00~14:00,,,2022-06-01
에스정형외과의원,의원,031-482-7588,"경기도 안산시 단원구 예술대학로 17, 411~412호,414~415호 (고잔동, 중앙노블레스)",09:00~18:00,09:00~18:00,09:00~18:00,09:00~18:00,09:00~18:00,09:00~13:00,,,2022-06-01
엔비의원,의원,031-485-7550,"경기도 안산시 단원구 고잔로 76, 210-1,211,211-1,212,213,214호 (고잔동, 영풍빌딩)",10:00~19:00,10:00~20:00,10:00~19:00,10:00~20:00,10:00~19:00,09:30~14:00,,,2022-06-01
연세88마취통증의학과의원,의원,031-401-8575,"경기도 안산시 단원구 광덕대로 174, B동 405호 (고잔동, 월드타운)",09:00~19:00,09:00~19:00,08:30~14:00,09:00~19:00,09:00~19:00,08:30~14:00,,,2022-06-01
연세꿈소아청소년과의원,의원,031-413-1277,"경기도 안산시 단원구 원초로 30, 301호 (원곡동, 보성프라자)",09:00~19:00,09:00~19:00,09:00~19:00,09:00~19:00,09:00~19:00,09:00~15:00,09:00~13:00,,2022-06-01
연세드림정신과의원,의원,031-413-9792,"경기도 안산시 단원구 광덕대로 161, 401~402호 (고잔동, 웅신아트프라자)",09:30~19:00,09:30~19:00,,09:30~19:00,09:30~19:00,09:30~16:00,,,2022-06-01
연세로운성형외과의원,의원,031-402-7660,"경기도 안산시 단원구 고잔로 88, 206호 (고잔동)",10:00~18:00,10:00~18:00,10:00~18:00,10:00~18:00,10:00~18:00,,,,2022-06-01
연세박내과의원,의원,031-405-8844,"경기도 안산시 단원구 초지로 114, 303호 (초지동, 주공프라자)",09:00~19:00,09:00~19:00,09:00~19:00,09:00~19:00,09:00~19:00,09:00~15:00,,,2022-06-01
연세아이소망여성의원,의원,031-365-5245,"경기도 안산시 단원구 고잔로 102, 대지스타타워 305~307, 501~504호 (고잔동)",09:00~17:30,09:00~17:30,09:00~17:30,09:00~17:30,09:00~17:30,09:00~14:00,,,2022-06-01
연세의원,의원,031-487-9191,"경기도 안산시 단원구 중앙대로 915, 516~517호 (고잔동, 월드코아빌딩)",09:30~18:30,09:30~18:30,09:30~18:30,09:30~18:30,09:30~18:30,09:30~16:30,,,2022-06-01
연세이비인후과의원,의원,031-414-8811,"경기도 안산시 단원구 선부로 185, 201호 (선부동, 대흥빌딩)",09:00~18:30,09:00~18:30,09:00~18:30,09:00~18:30,09:00~18:30,09:00~13:00,,09:00~13:00,2022-06-01
연세정재활의학과의원,의원,031-486-7800,"경기도 안산시 단원구 당곡로 27, 301~304호,312호 (고잔동)",10:00~19:00,10:00~19:00,10:00~19:00,10:00~19:00,10:00~19:00,09:00~13:00,,,2022-06-01
연세킹의원,의원,031-508-0365,"경기도 안산시 단원구 중앙대로 421, 302-3,303,304호 (신길동, 모리아 오피스텔)",09:00~19:00,09:00~19:00,09:00~19:00,14:00~19:00,09:00~19:00,08:00~13:00,,,2022-06-01
열린산부인과의원,의원,031-405-3572,"경기도 안산시 단원구 선부광장1로 22, 3층,4층 (선부동, 한우리크리닉센타)",09:00~19:00,09:00~19:00,09:00~19:00,09:00~21:00,09:00~19:00,09:00~16:00,09:00~13:00,,2022-06-01
염이비인후과의원,의원,031-484-2637,"경기도 안산시 단원구 고잔1길 16, 401호 (고잔동, 중앙마케이트)",09:00~18:00,09:00~18:00,09:00~18:00,09:00~18:00,09:00~18:00,09:00~14:00,,,2022-06-01
예일의원,의원,031-405-1114,"경기도 안산시 단원구 고잔로 76, 308-1,308-2,309~311호 (고잔동, 영풍빌딩)",09:30~19:00,09:30~19:00,09:30~19:00,09:30~19:00,09:30~19:00,09:30~14:00,,,2022-06-01
예플러스이비인후과의원,의원,031-405-6780,"경기도 안산시 단원구 원포공원1로 49, 태영타운 308,309일부,314,315호 (초지동)",09:00~18:30,09:00~19:30,09:00~19:30,09:00~19:30,09:00~18:30,09:00~14:00,09:00~16:00,09:00~16:00,2022-06-01
온새미로의원,의원,031-414-5315,경기도 안산시 단원구 선부광장1로 56 (선부동),09:00~19:00,09:30~19:00,09:00~14:00,09:30~19:00,09:00~19:00,09:00~14:00,,,2022-06-01
우리동네정신건강의학과의원,의원,031-483-7577,"경기도 안산시 단원구 중앙대로 915, 501호,504호 (고잔동, 월드코아빌딩)",09:30~18:00,09:30~17:00,09:30~18:00,14:00~18:00,09:30~18:00,09:30~13:00,,,2022-06-01
우리들가족의원,의원,031-407-7771,"경기도 안산시 단원구 민속공원로 81, 2층 (고잔동)",09:30~19:00,09:30~19:00,14:00~19:00,09:30~19:00,09:30~19:00,09:30~13:00,,,2022-06-01
우리들내과의원,의원,031-413-3877,"경기도 안산시 단원구 선부광장1로 66 (선부동, 용현빌딩 201,202호)",09:00~18:00,09:00~18:00,09:00~18:00,09:00~18:00,09:00~18:00,09:00~13:00,,,2022-06-01
우리들연합의원,의원,031-485-4855,"경기도 안산시 단원구 와동로 4, 2층 (와동)",09:00~19:00,09:00~19:00,09:00~19:00,09:00~19:00,09:00~19:00,09:00~13:00,09:00~13:00,09:00~13:00,2022-06-01
우리마취통증의학과의원,의원,031-411-7582,"경기도 안산시 단원구 예술대학로 9, 401,402호 (고잔동, 보배프라자)",09:30~18:30,09:30~18:30,09:30~18:30,09:30~18:30,09:30~18:30,09:30~15:00,,,2022-06-01
우피부과의원,의원,031-480-7461,"경기도 안산시 단원구 고잔1길 16, 502호 (고잔동, 중앙마케이트)",09:30~18:00,09:30~18:00,09:30~18:00,09:30~18:00,09:30~18:00,09:30~15:00,,,2022-06-01
우호의료소비자생활협동조합비올의원,의원,031-487-2888,"경기도 안산시 단원구 광덕대로 174, 월드타운 에이동 302호 (고잔동)",10:00~19:00,10:00~19:00,10:00~19:00,10:00~19:00,10:00~19:00,10:00~15:00,,,2022-06-01
원곡바른메지칼의원,의원,031-491-7585,경기도 안산시 단원구 원곡로 55 (원곡동),09:00~22:00,09:00~22:00,09:00~22:00,09:00~22:00,09:00~22:00,09:00~22:00,09:00~16:00,09:00~16:00,2022-06-01
원곡하늘의원,의원,031-492-1355,경기도 안산시 단원구 원곡1로 47 (원곡동),09:00~22:00,09:00~22:00,09:00~22:00,09:00~22:00,09:00~22:00,09:00~22:00,,09:00~16:00,2022-06-01
월드코아의원,의원,031-433-2088,"경기도 안산시 단원구 중앙대로 915, 511호 (고잔동, 월드코아)",10:00~18:00,10:00~18:00,10:00~18:00,14:00~19:00,10:00~18:00,09:00~13:00,,,2022-06-01
유로진비뇨기과의원,의원,031-405-1831,"경기도 안산시 단원구 고잔1길 16, 203호 (고잔동, 중앙마케이트빌딩)",09:30~18:00,09:30~18:00,09:30~18:00,09:30~18:00,09:30~18:00,09:30~14:00,,,2022-06-01
유소아과의원,의원,031-484-1977,"경기도 안산시 단원구 원선로 50, 307호 (원곡동, 벽산블루밍상가)",09:00~20:00,09:00~20:00,09:00~20:00,09:00~20:00,09:00~20:00,09:00~14:00,,09:00~13:00,2022-06-01
윤이비인후과의원,의원,031-401-4172,"경기도 안산시 단원구 예술대학로 9, 307호 (고잔동, 보배플라자)",09:30~20:00,09:30~20:00,09:30~20:00,09:30~20:00,09:30~20:00,09:30~15:00,,,2022-06-01
윤정신과의원,의원,031-402-7575,"경기도 안산시 단원구 예술대학로 9, 306호 (고잔동, 보배프라자)",09:30~19:00,09:30~19:00,09:30~19:00,09:30~19:00,09:30~19:00,09:30~15:00,,,2022-06-01
이상기이비인후과의원,의원,031-484-7700,경기도 안산시 단원구 화랑로 103 (원곡동),09:00~19:00,09:00~19:00,09:00~19:00,09:00~19:00,09:00~19:00,09:00~13:00,,,2022-06-01
이석우피부과의원,의원,031-405-0803,"경기도 안산시 단원구 선부광장1로 72, 309호 (선부동, 훼미리프라자)",09:30~18:30,09:30~18:30,09:30~18:30,09:30~18:30,09:30~18:30,09:30~15:00,,,2022-06-01
이선희산부인과의원,의원,031-413-3030,"경기도 안산시 단원구 예술대학로 9, 3층 (고잔동, 보배프라자)",10:00~18:00,10:00~18:00,10:00~18:00,10:00~18:00,10:00~18:00,10:00~15:00,,,2022-06-01
이용주산부인과의원,의원,031-494-9856,"경기도 안산시 단원구 화랑로 71, 2층 (원곡동)",09:30~18:30,09:30~17:00,09:30~18:30,09:30~17:00,09:30~18:30,09:30~14:00,,,2022-06-01
이제심혈을다하는내과의원,의원,031-405-6026,"경기도 안산시 단원구 광덕대로 168, 신화타운 203호 (고잔동)",09:00~18:00,09:00~18:00,09:00~18:00,09:00~18:00,09:00~18:00,09:00~13:00,,,2022-06-01
이진수정형외과의원,의원,031-405-3399,"경기도 안산시 단원구 광덕대로 168, 401~407호 (고잔동, 신화타운)",09:00~18:00,09:00~18:00,09:00~18:00,09:00~18:00,09:00~18:00,08:30~13:00,,,2022-06-01
이홍준소아과의원,의원,031-482-8110,"경기도 안산시 단원구 선부광장1로 56, 304호 (선부동, 일성이즈마트)",09:00~19:00,09:00~19:00,09:00~19:00,09:00~19:00,09:00~19:00,09:00~14:00,09:30~13:00,09:30~13:00,2022-06-01
이희승내과의원,의원,031-480-3718,경기도 안산시 단원구 당곡2로 23  (고잔동),09:30~18:10,09:30~18:10,09:30~18:10,09:30~18:10,09:30~18:10,09:30~14:30,,,2022-06-01
임정신과의원,의원,031-402-1285,"경기도 안산시 단원구 화랑로 358, 2층 (고잔동, 자유센터)",09:00~19:00,09:00~19:00,09:00~19:00,09:00~19:00,09:00~19:00,09:00~15:00,,,2022-06-01
잇츠미의원,의원,031-401-9040,"경기도 안산시 단원구 고잔1길 7, 석탑프라자 601~608호 (고잔동)",10:00~20:00,10:00~20:00,10:00~20:00,10:00~20:00,10:00~20:00,10:00~16:00,,,2022-06-01
장내과의원,의원,031-494-8442,경기도 안산시 단원구 화랑로 30 (원곡동),09:00~18:30,09:00~18:30,09:00~18:30,09:00~18:30,09:00~18:30,09:00~14:30,,,2022-06-01
장성익소아과의원,의원,031-486-2368,"경기도 안산시 단원구 선부광장1로 70, 206호 (선부동, 군자빌딩)",09:00~19:00,09:00~19:00,09:00~19:00,09:00~19:00,09:00~19:00,09:00~15:00,,,2022-06-01
젊은신경과의원,의원,031-483-7075,"경기도 안산시 단원구 광덕대로 138, 305~309호 (고잔동, 골든에이스프라자)",09:00~18:00,09:00~18:00,09:00~18:00,09:00~18:00,09:00~18:00,09:00~13:00,,,2022-06-01
정내과의원,의원,031-401-5231,"경기도 안산시 단원구 선부광장1로 72, 3층 (선부동, 훼미리프라자)",09:00~18:00,09:00~18:00,09:00~18:00,09:00~18:00,09:00~18:00,09:00~13:00,,,2022-06-01
정우산부인과의원,의원,031-411-0311,"경기도 안산시 단원구 중앙대로 907, 안산종합상가 1동 3층 1305, 1306호 일부호 (고잔동)",09:30~18:30,09:30~18:30,09:30~18:30,09:30~18:30,09:30~18:30,09:00~13:00,,,2022-06-01
정우석정형외과의원,의원,031-487-2119,"경기도 안산시 단원구 라성안길 17, 301, 308호 (원곡동, 베스트플라자)",09:00~19:00,09:00~19:00,09:00~19:00,09:00~19:00,09:00~19:00,09:00~14:00,,,2022-06-01
정이비인후과의원,의원,031-401-8085,"경기도 안산시 단원구 초지로 100, 303호 (초지동, 세종프라자)",09:00~19:00,09:00~19:00,09:00~19:00,09:00~19:00,09:00~19:00,09:00~14:00,,,2022-06-01
정환교피부과의원,의원,031-402-7500,"경기도 안산시 단원구 중앙대로 915, 5층 (고잔동, 월드코아)",09:30~18:00,09:30~18:00,,09:30~19:00,09:30~18:00,07:30~11:30,,,2022-06-01
제이미의원,의원,031-485-2882,"경기도 안산시 단원구 선부광장1로 66, 401,406호 (선부동, 용현빌딩)",09:00~18:00,09:00~18:00,09:00~18:00,09:00~18:00,09:00~18:00,09:00~16:00,,,2022-06-01
제이제이피부과의원,의원,031-480-8624,"경기도 안산시 단원구 예술대학로 20, 203호 (고잔동, 전원빌딩)",09:30~19:00,09:30~19:00,09:30~19:00,09:30~19:00,09:30~19:00,09:30~13:00,,,2022-06-01
제일마취통증의학과의원,의원,031-483-7989,"경기도 안산시 단원구 선부광장1로 66, 204호 (선부동, 용현빌딩)",09:00~18:30,09:00~18:30,09:00~18:30,09:00~18:30,09:00~18:30,09:00~13:00,,,2022-06-01
제일조은내과의원,의원,031-365-5775,"경기도 안산시 단원구 선부광장로 23, 안산세이브시티 3층 301(일부)호 (선부동)",09:00~21:00,09:00~18:00,09:00~21:00,09:00~18:00,09:00~21:00,09:00~14:00,09:00~13:00,09:00~13:00,2022-06-01
제중의원,의원,031-494-3898,"경기도 안산시 단원구 라성안길 1, 204호 (원곡동, 삼우상가)",09:00~18:00,09:00~18:00,09:00~18:00,09:00~18:00,09:00~18:00,09:00~13:00,,,2022-06-01
조비뇨기과의원,의원,031-413-2888,경기도 안산시 단원구 고잔로 76 (고잔동),09:30~18:30,09:30~18:30,,09:30~18:30,09:30~18:30,09:30~13:00,,,2022-06-01
조은맘산부인과의원,의원,031-439-8888,"경기도 안산시 단원구 초지로 90, 5층 (초지동, 태영프라자)",09:00~19:00,09:00~19:00,09:00~19:00,09:00~19:00,09:00~19:00,08:30~16:00,,,2022-06-01
중앙방사선과의원,의원,031-480-0220,"경기도 안산시 단원구 고잔로 76, 206,303-5호 (고잔동, 영풍맘모스프라자)",09:00~18:30,09:00~18:30,09:00~18:30,09:00~18:30,09:00~18:30,09:00~14:00,,,2022-06-01
중앙성모안과의원,의원,031-484-5114,"경기도 안산시 단원구 중앙대로 915, 5층 13,14호 (고잔동, 월드코아)",09:30~18:30,09:30~18:30,09:30~18:30,14:00~20:00,09:30~18:30,09:30~13:00,,,2022-06-01
중앙안산의원,의원,031-484-7447,"경기도 안산시 단원구 선부광장1로 56, 3층 303,305호 (선부동, 일성빌딩)",09:00~19:00,09:00~19:00,09:00~19:00,09:00~19:00,09:00~19:00,09:00~14:00,,,2022-06-01
중앙이비인후과의원,의원,031-506-1636,경기도 안산시 단원구 광덕3로 178  (고잔동),09:30~19:00,09:30~19:00,09:30~19:00,09:30~19:00,09:30~19:00,09:30~16:00,,09:30~13:00,2022-06-01
차안과의원,의원,031-482-7008,"경기도 안산시 단원구 라성로 48, A동 301호 (원곡동, 보성상가)",09:00~18:30,09:00~18:30,09:00~18:30,09:00~18:30,09:00~18:30,09:00~13:30,,,2022-06-01
차앤박피부과의원,의원,031-405-7878,"경기도 안산시 단원구 중앙대로 907, 1동 (고잔동, 안산종합상가1402~1404호, 1405호일부)",10:00~20:00,10:00~20:00,10:00~20:00,10:00~20:00,10:00~20:00,09:30~16:00,,,2022-06-01
참내과의원,의원,031-487-8383,경기도 안산시 단원구 광덕대로 174  (고잔동),09:00~19:00,09:00~19:00,09:00~19:00,09:00~19:00,09:00~19:00,09:00~14:00,,,2022-06-01
참마취통증의학과의원,의원,031-364-8811,"경기도 안산시 단원구 선부광장1로 56, 405호 (선부동, 일성이즈마트)",09:00~21:00,09:00~21:00,09:00~21:00,09:00~21:00,09:00~21:00,09:00~16:00,,,2022-06-01
참조은내과의원,의원,031-439-7275,"경기도 안산시 단원구 원포공원1로 35, 305호 (초지동, 제일프라자)",09:00~18:00,09:00~18:00,09:00~18:00,09:00~18:00,09:00~18:00,09:00~13:00,,,2022-06-01
청담정형외과의원,의원,031-486-2888,"경기도 안산시 단원구 선부광장1로 38, 303,304호 (선부동, 상록타운)",09:00~19:00,09:00~19:00,09:00~19:00,09:00~19:00,09:00~19:00,09:00~14:00,,,2022-06-01
최비뇨의학과의원,의원,031-485-3977,"경기도 안산시 단원구 라성로 43, 305호 (원곡동, 벽산블루밍상가)",09:00~19:00,09:00~19:00,09:00~19:00,14:00~19:00,09:00~19:00,09:00~14:00,,,2022-06-01
최원호안과의원,의원,031-439-7557,"경기도 안산시 단원구 선부광장1로 62, 302호 (선부동, 동원상가)",09:30~18:30,09:30~18:30,09:30~18:30,09:30~18:30,09:30~18:30,09:30~14:00,09:30~13:00,09:30~13:00,2022-06-01
최재활의학과의원,의원,031-402-6792,"경기도 안산시 단원구 광덕1로 159, 대림프라자 201~203, 206~207, 303~307, 507 (고잔동)",09:00~18:00,09:00~18:00,09:00~18:00,09:00~18:00,09:00~18:00,09:00~13:00,,,2022-06-01
코알라소아청소년과의원,의원,031-439-2223,"경기도 안산시 단원구 화랑로 160, 단지내 상가 203~205호 (초지동)",09:00~18:00,09:00~18:00,09:00~18:00,09:00~13:00,09:00~18:00,09:00~13:00,,,2022-06-01
코코이비인후과의원,의원,031-487-1410,"경기도 안산시 단원구 원초로 30 (원곡동, 보성프라자 408호)",09:00~19:00,09:00~19:00,09:00~13:00,09:00~19:00,09:00~19:00,09:00~13:00,,,2022-06-01
크리스탈의원,의원,031-401-0780,"경기도 안산시 단원구 고잔로 102, 505,506호 (고잔동)",10:00~19:00,10:00~19:00,10:00~19:00,10:00~19:00,10:00~19:00,10:00~15:00,,,2022-06-01
탐탐성형외과의원,의원,031-414-5858,"경기도 안산시 단원구 예술대학로 11, 303호 (고잔동, 해남빌딩)",10:00~18:00,10:00~18:00,13:00~18:00,10:00~18:00,10:00~21:00,10:00~15:00,,,2022-06-01
탑정형외과의원,의원,031-418-2772,"경기도 안산시 단원구 고잔로 88, 401~404호 (고잔동)",09:00~18:30,09:00~18:30,09:00~18:30,09:00~18:30,09:00~18:30,09:00~13:00,,,2022-06-01
톡스앤필의원,의원,031-402-4842,"경기도 안산시 단원구 예술대학로 17, 620~622호 (고잔동, 안산중앙노블레스)",10:30~20:30,10:30~20:30,10:30~20:30,10:30~20:30,10:30~20:30,10:30~17:00,10:30~17:00,,2022-06-01
트렌디의원,의원,031-413-1016,"경기도 안산시 단원구 선부광장북로 36, 1층 106호 (선부동, 벽산블루밍아파트)",09:00~18:00,09:00~18:00,09:00~18:00,09:00~18:00,09:00~18:00,,,,2022-06-01
평화의원,의원,031-494-6004,"경기도 안산시 단원구 다문화길 15, 2층 (원곡동)",09:00~21:00,09:00~21:00,09:00~21:00,09:00~21:00,09:00~21:00,09:00~21:00,09:00~21:00,09:00~19:00,2022-06-01
포도나무메디컬의원,의원,032-882-7588,"경기도 안산시 단원구 대남로 6 (대부북동,번지외1필지)",08:00~18:00,08:00~18:00,08:00~18:00,08:00~18:00,08:00~18:00,,,,2022-06-01
포에버의원,의원,1599-8340,"경기도 안산시 단원구 고잔로 88, 803~805호 (고잔동)",10:00~20:00,10:00~20:00,10:00~20:00,10:00~20:00,10:00~20:00,10:00~16:00,,,2022-06-01
푸른솔내과의원,의원,031-413-0875,"경기도 안산시 단원구 광덕서로 86, 202,203호 (고잔동, 안산법조타운)",09:30~19:00,09:30~13:30,09:30~19:00,09:30~13:30,09:30~19:00,09:30~13:30,,,2022-06-01
풍림메디의원,의원,031-410-0110,경기도 안산시 단원구 초지2로 67-17 (초지동),09:00~19:00,09:00~19:00,09:00~19:00,09:00~13:00,09:00~19:00,09:00~13:00,,,2022-06-01
프라임성형외과의원,의원,031-439-7100,"경기도 안산시 단원구 고잔1길 16, 301-1호 (고잔동, 중앙마케이트)",10:00~19:00,10:00~19:00,10:00~19:00,10:00~19:00,10:00~19:00,10:00~16:00,,,2022-06-01
프로포즈성형외과의원,의원,031-485-8275,"경기도 안산시 단원구 고잔1길 17, 402,403,501호 (고잔동, 대유빌딩)",10:00~18:30,10:00~18:30,10:00~18:30,10:00~18:30,10:00~18:30,10:00~16:00,,,2022-06-01
피엘미즈산부인과,의원,031-486-0151,경기도 안산시 단원구 선부광장1로 56 (선부동),09:30~18:00,09:30~18:00,09:30~18:00,09:30~18:00,09:30~18:00,09:30~14:00,,,2022-06-01
필미즈의원,의원,031-484-7447,"경기도 안산시 단원구 선부광장1로 56, 303호 (선부동)",09:30~18:30,09:30~18:30,09:30~18:30,09:30~18:30,09:30~18:30,09:30~14:00,,,2022-06-01
필의원,의원,031-411-7575,경기도 안산시 단원구 고잔1길 37 (고잔동),10:00~19:00,10:00~19:00,10:00~19:00,10:00~19:00,10:00~19:00,10:00~16:00,,,2022-06-01
하이맨비뇨기과의원,의원,031-410-7540,경기도 안산시 단원구 예술대학로 17  (고잔동),10:00~19:00,10:00~19:00,11:00~21:00,10:00~19:00,10:00~19:00,10:00~16:00,,,2022-06-01
하이안의원,의원,031-410-3330,경기도 안산시 단원구 원초로 30  (원곡동),09:30~18:30,09:30~18:30,09:30~18:30,14:00~19:30,09:30~18:30,09:30~13:30,,,2022-06-01
하트봄내과의원,의원,031-482-5656,"경기도 안산시 단원구 광덕3로 167, 신영프라자 204,205호 (고잔동)",09:00~18:00,09:00~18:00,09:00~18:00,09:00~18:00,09:00~18:00,,,,2022-06-01
한길외과의원,의원,031-486-8660,"경기도 안산시 단원구 황금1길 31 (와동,1~3층)",09:00~19:00,09:00~19:00,09:00~19:00,09:00~19:00,09:00~19:00,09:00~14:00,,,2022-06-01
한마음소아청소년과의원,의원,031-482-9119,"경기도 안산시 단원구 광덕동로 75, 사또타워 105호 (고잔동)",08:30~19:30,08:30~19:30,08:30~19:30,08:30~19:30,08:30~19:30,09:00~15:30,09:00~13:00,09:00~13:00,2022-06-01
한마음의원,의원,031-405-7583,"경기도 안산시 단원구 석수로5길 8, 2층 (선부동)",09:00~19:00,09:00~19:00,09:00~19:00,09:00~19:00,09:00~19:00,09:00~14:00,,,2022-06-01
한빛안과의원,의원,031-414-0204,경기도 안산시 단원구 예술대학로 9 (고잔동),09:30~18:30,09:30~18:30,09:30~18:30,09:30~18:30,09:30~18:30,09:30~15:00,,,2022-06-01
한사랑내과의원,의원,031-411-1475,경기도 안산시 단원구 선부로 223 (와동),09:00~18:30,09:00~18:30,09:00~18:30,09:00~18:30,09:00~18:30,09:00~13:00,,,2022-06-01
한사랑외과의원,의원,031-475-1075,"경기도 안산시 단원구 선부광장1로 22, 201~204호 (선부동)",09:00~18:00,09:00~18:00,09:00~18:00,09:00~18:00,09:00~18:00,08:00~13:00,,,2022-06-01
한양의원,의원,031-401-1441,경기도 안산시 단원구 와동로7길 2 (와동),09:00~19:00,09:00~19:00,09:00~19:00,09:00~19:00,09:00~19:00,09:00~13:00,,,2022-06-01
한우리의원,의원,031-484-9100,"경기도 안산시 단원구 선부광장1로 22 (선부동,2층 203호 일부)",09:00~18:00,09:00~18:00,09:00~18:00,09:00~18:00,09:00~18:00,09:00~13:00,,,2022-06-01
한중메디컬의원,의원,031-495-8877,"경기도 안산시 단원구 신길로 8, 4층 (신길동)",09:30~18:30,09:30~18:30,09:30~18:30,09:30~18:30,09:30~18:30,09:00~13:00,,,2022-06-01
한해성비뇨의학과의원,의원,031-506-2759,"경기도 안산시 단원구 선부광장로 23, 안산세이브시티 3층 301호 일부호 (선부동)",09:00~18:00,09:00~18:00,09:00~18:00,09:00~18:00,09:00~18:00,09:00~13:00,,,2022-06-01
항사랑외과의원,의원,031-486-9975,"경기도 안산시 단원구 광덕대로 174, 304,305호 (고잔동, 월드타운)",09:00~18:00,09:00~18:00,09:00~18:00,09:00~18:00,09:00~18:00,09:00~12:30,,,2022-06-01
해맑은소아청소년과의원,의원,031-410-1289,"경기도 안산시 단원구 선부로 187, 유송프라자 4층 401호 (선부동)",09:00~19:00,09:00~19:00,09:00~19:00,09:00~19:00,09:00~19:00,09:00~16:00,10:00~14:00,,2022-06-01
햇살가득의원,의원,031-492-7515,"경기도 안산시 단원구 새뿔길 47, 2층 (신길동, 새뿔길 45, 지하)",09:00~19:00,09:00~19:00,09:00~19:00,09:00~19:00,09:00~19:00,09:00~15:00,,09:00~12:00,2022-06-01
행복한비뇨의학과의원,의원,031-8040-5851,"경기도 안산시 단원구 원포공원1로 20, 단원병원별관 3층 302호호 (초지동)",09:00~18:00,09:00~18:00,09:00~18:00,09:00~18:00,09:00~18:00,09:00~13:00,,,2022-06-01
형제정형외과신경외과의원,의원,031-439-7575,"경기도 안산시 단원구 초지로 90, 태영프라자 303,311-313호 (초지동)",,,,,,,,,2022-06-01
홍제의원,의원,031-486-1662,"경기도 안산시 단원구 예술대학로 89, 201,202,219호 (고잔동)",09:00~18:30,09:00~18:30,09:00~18:30,09:00~18:30,09:00~18:30,09:00~13:00,,,2022-06-01
휴플러스의원,의원,031-475-4117,"경기도 안산시 단원구 고잔2길 9, 401~403호,405호 (고잔동, 하이베라스빌딩)",10:00~18:30,10:00~18:30,10:00~18:30,10:00~18:30,10:00~18:30,10:00~15:00,,,2022-06-01
궁치과병원,치과병원,031-504-2875,"경기도 안산시 단원구 고잔2길 45, 501호 (고잔동, 코스모프라자)",10:00~20:00,10:00~20:00,10:00~20:00,10:00~20:00,10:00~19:00,09:00~14:00,,09:00~14:00,2022-06-01
안산예치과병원,치과병원,031-480-2833,"경기도 안산시 단원구 고잔2길 59, 2층 (고잔동, 신세기빌딩)",09:30~18:30,09:30~20:30,09:30~20:30,09:30~18:30,09:30~18:30,10:00~14:00,,,2022-06-01
탑치과병원,치과병원,031-491-5858,"경기도 안산시 단원구 동산로 63, 303~304호 (원시동, 이마트)",10:00~18:00,10:00~20:00,10:00~18:00,10:00~18:00,10:00~18:00,10:00~13:00,,,2022-06-01
한국치과병원,치과병원,031-506-3651,"경기도 안산시 단원구 광덕서로 86, 4층 (고잔동, 안산법조타운)",09:30~19:00,09:30~19:00,09:30~19:00,09:30~19:00,09:30~19:00,09:30~15:00,,,2022-06-01
E-믿음치과의원,치과의원,031-480-2804,"경기도 안산시 단원구 광덕2로 164, 5층 (고잔동, 메디피아빌딩)",09:30~18:30,09:30~18:30,09:30~18:30,09:30~18:30,09:30~18:30,09:30~13:00,,,2022-06-01
M치과의원,치과의원,031-493-2895,"경기도 안산시 단원구 다문화길 18, 3층 (원곡동)",09:30~18:30,09:30~18:30,09:30~18:30,,09:30~18:30,09:30~18:00,09:30~18:00,09:30~18:00,2022-06-01
e-아름다운치과의원,치과의원,031-411-2876,"경기도 안산시 단원구 라성안길 17, 303-1호 (원곡동, 베스트프라자)",10:00~18:30,10:00~18:30,10:00~18:30,10:00~18:30,10:00~18:30,10:00~14:00,,,2022-06-01
e-좋은치과의원,치과의원,031-475-2875,경기도 안산시 단원구 초지1로 76 (초지동),10:00~19:00,10:00~19:00,10:00~19:00,10:00~19:00,10:00~19:00,10:00~14:00,,,2022-06-01
e-편한치과의원,치과의원,031-401-2772,"경기도 안산시 단원구 고잔로 54, 409-411호 (고잔동, 에이스타워)",09:30~18:00,09:30~18:00,09:30~18:00,09:30~20:30,09:30~18:00,09:30~13:30,,,2022-06-01
강남치과의원,치과의원,031-493-2875,"경기도 안산시 단원구 화랑로 122, e편한세상 초지역센트럴포레아파트 상가2동 202~204호 (원곡동)",09:30~20:00,10:00~18:30,09:30~20:00,10:00~18:30,09:30~20:00,09:30~13:00,,,2022-06-01
건강한치과의원,치과의원,031-402-9926,"경기도 안산시 단원구 인현중앙길 16, 대동상가201호 (고잔동)",10:00~18:00,10:00~18:00,10:00~18:00,10:00~18:00,10:00~18:00,10:00~13:00,,,2022-06-01
공단서울치과의원,치과의원,031-433-2807,"경기도 안산시 단원구 번영1로 65, 201,202,203호 (성곡동)",09:30~18:30,09:30~21:00,09:30~18:30,12:00~17:30,09:30~18:30,09:30~13:30,,,2022-06-01
공단치과의원,치과의원,031-431-4001,경기도 안산시 단원구 지원로 107  (성곡동),09:00~18:00,09:00~18:00,09:00~18:00,09:00~18:00,09:00~18:00,09:00~13:00,09:00~13:00,,2022-06-01
굿모닝치과의원,치과의원,031-410-2870,"경기도 안산시 단원구 선부로 183, 3층 302호 (선부동, 화성프라자)",09:30~18:00,09:30~18:00,09:30~18:00,09:30~18:00,09:30~18:00,09:30~13:00,,,2022-06-01
기치과의원,치과의원,031-410-2388,"경기도 안산시 단원구 화정로 6, 204호 (선부동, 삼희프라자)",10:00~18:30,10:00~18:30,10:00~18:30,10:00~18:30,10:00~18:30,10:00~14:00,,,2022-06-01
나래치과의원,치과의원,031-411-4331,"경기도 안산시 단원구 선부광장1로 56, 302호 (선부동, 일성이즈마트)",10:00~19:00,10:00~19:00,14:00~21:00,10:00~19:00,10:00~19:00,10:00~14:00,,,2022-06-01
뉴욕정치과의원,치과의원,031-403-6777,"경기도 안산시 단원구 선부광장1로 70, 205호 (선부동, 군자빌딩)",10:00~18:30,10:00~21:00,10:00~18:30,10:00~18:30,10:00~18:30,10:00~15:00,,,2022-06-01
담덕치과의원,치과의원,031-410-2879,"경기도 안산시 단원구 예술대학로 11, 5층 (고잔동, 해남빌딩)",09:00~18:00,09:00~18:00,09:00~18:00,09:00~18:00,09:00~18:00,,,,2022-06-01
대부센타치과의원,치과의원,032-884-2875,"경기도 안산시 단원구 대부중앙로 110, 2층 일부 (대부북동)",09:00~18:00,09:00~18:00,09:00~18:00,09:00~18:00,09:00~18:00,09:00~13:00,,,2022-06-01
대부이조은치과의원,치과의원,032-886-9536,"경기도 안산시 단원구 대부중앙로 105, 2층 (대부북동)",09:30~17:30,09:30~17:30,09:30~17:30,09:30~17:30,09:30~17:30,09:30~12:00,,,2022-06-01
대웅치과의원,치과의원,031-405-0802,"경기도 안산시 단원구 선이로 14, 3028호 (선부동, 선부제일종합시장)",10:00~19:00,10:00~19:00,10:00~19:00,10:00~19:00,10:00~19:00,10:00~14:00,,,2022-06-01
더플러스치과의원,치과의원,031-403-2877,"경기도 안산시 단원구 광덕3로 178, 화승타운 209호 (고잔동)",10:00~19:00,10:00~20:00,10:00~19:00,10:00~20:00,10:00~19:00,10:00~14:00,,,2022-06-01
독일치과의원,치과의원,031-493-0607,"경기도 안산시 단원구 화랑로 102, e편한세상센트럴포레아파트 상가101동 314~319호 (원곡동)",09:00~18:00,09:00~18:00,09:00~18:00,09:00~18:00,09:00~18:00,,,,2022-06-01
동서치과의원,치과의원,031-405-2875,"경기도 안산시 단원구 중앙대로 921, 432호 (고잔동, 동서코아)",09:30~19:00,09:30~19:00,09:30~19:00,,09:30~19:00,09:30~14:00,,,2022-06-01
듀오치과의원,치과의원,031-484-2828,"경기도 안산시 단원구 고잔1길 16, 301~302호 (고잔동, 중앙마케이트빌딩)",10:00~19:00,10:00~19:00,10:00~19:00,10:00~19:00,10:00~19:00,10:00~14:00,,,2022-06-01
라임프로치과의원,치과의원,031-8042-7701,"경기도 안산시 단원구 광덕대로 168, 신화타운 3층 301호 (고잔동)",10:00~20:00,10:00~20:00,10:00~20:00,10:00~20:00,10:00~20:00,,,,2022-06-01
류창석치과의원,치과의원,031-414-2828,"경기도 안산시 단원구 선부광장1로 62, 306호 (선부동, 동원프라자)",10:00~19:00,10:00~19:00,10:00~19:00,10:00~19:00,10:00~19:00,10:00~15:00,,,2022-06-01
리앤키즈치과의원,치과의원,031-401-2879,"경기도 안산시 단원구 고잔1길 17, 대유빌딩 404, 405호 (고잔동)",09:30~18:30,09:30~18:30,09:30~18:30,09:30~18:30,09:30~18:30,09:30~14:00,,,2022-06-01
마인드치과의원,치과의원,031-401-9375,"경기도 안산시 단원구 고잔로 72, 4층 401호 (고잔동)",10:00~21:00,10:00~21:00,10:00~21:00,10:00~21:00,10:00~18:00,10:00~16:00,10:00~16:00,10:00~16:00,2022-06-01
맥치과의원,치과의원,031-401-7528,"경기도 안산시 단원구 광덕대로 174, 303호,308호 (고잔동, 월드타운)",10:00~21:00,10:00~19:00,10:00~19:00,10:00~21:00,10:00~19:00,10:00~14:00,,,2022-06-01
명치과의원,치과의원,031-494-3197,"경기도 안산시 단원구 원곡로 40, 2,3층 (원곡동)",10:00~20:00,10:00~18:00,10:00~18:00,10:00~19:30,10:00~18:00,10:00~13:00,,,2022-06-01
미래치과의원,치과의원,031-475-2804,"경기도 안산시 단원구 광덕1로 61, 204,205호 (초지동, 신명프라자)",10:00~19:00,10:00~19:00,10:00~20:00,10:00~19:00,10:00~19:00,10:00~13:00,,,2022-06-01
미소가아름다운치과의원,치과의원,031-503-2275,"경기도 안산시 단원구 광덕3로 178, 303호 (고잔동, 화승타운)",09:30~18:00,09:30~18:00,09:30~18:00,09:30~18:00,09:30~18:00,09:30~14:00,,,2022-06-01
미소가있는치과의원,치과의원,031-439-7522,"경기도 안산시 단원구 민속공원로 75, 3층 (고잔동)",10:00~19:00,10:00~19:00,10:00~19:00,10:00~19:00,10:00~19:00,10:00~14:00,,,2022-06-01
미소담치과의원,치과의원,031-401-2875,"경기도 안산시 단원구 와동공원로 131, 2층 (와동)",09:30~18:30,09:30~18:30,09:30~18:30,09:30~18:30,09:30~18:30,09:30~14:00,,,2022-06-01
미소만들기치과의원,치과의원,031-487-2879,"경기도 안산시 단원구 중앙대로 907 (고잔동, 안산종합상가)",14:00~21:00,10:30~19:00,14:00~21:00,10:30~19:00,10:30~19:00,09:30~14:30,,,2022-06-01
미소사랑치과교정과치과의원,치과의원,031-483-5788,"경기도 안산시 단원구 예술대학로 9, 506호 (고잔동, 보배프라자)",10:00~19:00,10:00~19:00,10:00~19:00,10:00~19:00,10:00~19:00,09:30~16:00,,,2022-06-01
미소인치과의원,치과의원,031-405-2275,"경기도 안산시 단원구 원선1로 38, 211~214호 (초지동, 두산위브아파트상가)",09:30~18:30,09:30~18:30,09:30~20:00,09:30~18:30,09:30~18:30,09:30~13:00,,,2022-06-01
미플란트치과의원,치과의원,031-495-9990,"경기도 안산시 단원구 산단로 296, 대우테크노피아아파트 201호 (원시동)",09:30~18:30,09:30~20:30,09:30~18:30,09:30~20:30,09:30~18:30,09:30~14:00,,,2022-06-01
미플러스치과의원,치과의원,031-485-7527,"경기도 안산시 단원구 광덕동로 55, 305층 (고잔동, 21세기프라자)",10:00~19:00,10:00~19:00,10:00~19:00,10:00~19:00,10:00~19:00,10:00~13:00,,,2022-06-01
바로드림치과의원,치과의원,031-402-2282,"경기도 안산시 단원구 고잔로 108, 대동조이월드 405호 (고잔동)",09:30~21:00,09:30~18:30,09:30~21:00,09:30~18:30,09:30~18:30,09:30~13:30,,,2022-06-01
바른이박상민치과의원,치과의원,031-492-2875,"경기도 안산시 단원구 예술대학로 17, 301,302호 (고잔동, 안산중앙노블레스)",10:00~19:00,10:00~19:00,10:00~20:00,,10:00~19:00,09:00~14:00,,,2022-06-01
반월정성치과의원,치과의원,031-491-0003,"경기도 안산시 단원구 동산로 48, 2층 (원시동)",09:30~18:30,09:30~19:30,09:30~18:30,09:30~19:30,09:30~18:30,09:30~12:30,,,2022-06-01
밝은치과의원,치과의원,031-480-8292,"경기도 안산시 단원구 당곡2로 23 (고잔동, 바동상가 202호)",10:00~18:00,10:00~18:00,10:00~18:00,10:00~18:00,10:00~18:00,10:00~13:00,,,2022-06-01
백승호치과의원,치과의원,031-403-0303,"경기도 안산시 단원구 광덕4로 108, 402호 (고잔동, 고잔프라자)",09:30~21:00,09:30~19:00,09:30~21:00,09:30~19:00,09:30~21:00,09:30~16:00,,,2022-06-01
베리굿치과의원,치과의원,031-439-6975,경기도 안산시 단원구 와동로 19 (와동),10:00~18:00,10:00~18:00,10:00~18:00,10:00~18:00,10:00~18:00,10:00~13:00,,,2022-06-01
베스트원치과의원,치과의원,031-485-7582,"경기도 안산시 단원구 광덕동로 81, 206호 (고잔동, 드림프라자)",09:30~18:30,09:30~18:30,09:30~20:30,09:30~18:30,09:30~18:30,09:30~14:00,,,2022-06-01
사랑이꽃피는치과의원,치과의원,031-486-0543,경기도 안산시 단원구 중앙대로 907 (고잔동),10:00~18:30,10:00~18:30,10:00~20:30,10:00~18:30,10:00~18:30,10:00~14:30,,,2022-06-01
새안산치과의원,치과의원,031-483-2275,경기도 안산시 단원구 광덕3로 217 (고잔동),09:30~18:30,09:30~18:30,09:30~18:30,09:30~18:30,09:30~18:30,09:30~13:30,,,2022-06-01
서울ONE치과의원,치과의원,031-485-7522,경기도 안산시 단원구 초지로 116 (초지동),09:30~18:30,09:30~20:30,09:30~20:30,09:30~18:30,09:30~18:30,09:30~13:30,,,2022-06-01
서울S치과의원,치과의원,031-414-2879,"경기도 안산시 단원구 예술대학로 11, 4층 (고잔동, 해남빌딩)",10:00~19:00,10:00~20:30,10:00~19:00,10:00~20:30,10:00~19:00,10:00~14:00,,,2022-06-01
서울류준하치과교정과치과의원,치과의원,031-405-2811,"경기도 안산시 단원구 예술대학로 17, 406,407호 (고잔동, 안산중앙노블레스)",10:30~20:30,13:00~21:00,,13:00~21:00,10:30~19:00,09:30~16:00,,,2022-06-01
서울위드치과의원,치과의원,031-486-2080,"경기도 안산시 단원구 라성로 43, 벽산블루밍아파트 204~208호 (원곡동)",09:30~18:00,09:30~20:00,09:30~18:00,09:30~20:00,09:30~18:00,09:30~14:00,,,2022-06-01
서울은치과의원,치과의원,031-414-2894,"경기도 안산시 단원구 선삼로 21, 3층 (선부동)",10:00~19:00,10:00~19:00,10:00~21:00,10:00~19:00,10:00~19:00,10:00~14:00,,,2022-06-01
서울이플란트치과의원,치과의원,031-408-2875,"경기도 안산시 단원구 선부광장1로 69, 215호 (선부동, 한양산호상가)",10:00~19:00,10:00~21:00,10:00~19:00,10:00~19:00,10:00~21:00,10:00~14:00,,,2022-06-01
서울키즈파파치과의원,치과의원,031-480-7582,"경기도 안산시 단원구 고잔2길 41, 504,504-1호 (고잔동, 신양복합빌딩)",10:00~18:30,10:00~18:30,10:00~18:30,10:00~18:30,10:00~18:30,10:00~15:00,,,2022-06-01
서울하이안치과의원,치과의원,031-485-2080,"경기도 안산시 단원구 광덕1로 159, 205호 (고잔동, 대림프라자)",10:00~18:30,10:00~18:30,10:00~18:30,10:00~18:30,10:00~18:30,10:00~13:00,,,2022-06-01
선부푸른치과의원,치과의원,031-410-7528,"경기도 안산시 단원구 선부로 185, 301호 (선부동, 대흥빌딩)",10:00~18:30,10:00~18:30,10:00~18:30,10:00~18:30,10:00~18:30,10:00~13:30,,,2022-06-01
세브란스치과의원,치과의원,031-487-7755,"경기도 안산시 단원구 선부광장1로 66, 206호 (선부동, 용현빌딩)",10:00~19:00,10:00~19:00,10:00~19:00,10:00~19:00,10:00~19:00,10:00~16:00,,,2022-06-01
스마일치과의원,치과의원,031-401-7576,경기도 안산시 단원구 초지로 100 (초지동),10:00~19:00,10:00~19:00,10:00~21:00,10:00~19:00,10:00~19:00,10:00~14:00,,,2022-06-01
신길치과의원,치과의원,031-494-7582,"경기도 안산시 단원구 도일로 60-13, 2층 (신길동)",10:00~19:00,10:00~19:00,10:00~19:00,10:00~19:00,10:00~19:00,,,,2022-06-01
신치과의원,치과의원,031-484-6226,"경기도 안산시 단원구 원선로 50, 306호 (원곡동, 벽산블루밍상가)",10:00~18:30,10:00~18:30,10:00~18:30,10:00~18:30,10:00~18:30,10:00~14:00,,,2022-06-01
심미치과의원,치과의원,031-482-2804,"경기도 안산시 단원구 고잔로 76 (고잔동, 영풍프라자 306,312호)",09:30~19:30,09:30~19:30,09:30~19:30,09:30~19:30,09:30~18:30,09:30~15:00,,,2022-06-01
안녕하세요부부치과의원,치과의원,031-482-0275,"경기도 안산시 단원구 예술대학로 17, 5층 511~513호 (고잔동, 중앙노블레스)",10:00~19:00,10:00~20:30,10:00~19:00,10:00~20:30,10:00~19:00,10:00~14:00,,,2022-06-01
안산개구쟁이치과의원,치과의원,031-475-8875,"경기도 안산시 단원구 광덕4로 220, 508호 (고잔동, 밀레니엄프라자)",10:00~18:00,10:00~18:00,10:00~18:00,10:00~18:00,10:00~18:00,,,,2022-06-01
안산나눔치과의원,치과의원,031-483-2875,"경기도 안산시 단원구 선부광장1로 10, 동양빌딩 4층 401호 일부호 (선부동)",10:00~19:00,10:00~19:00,10:00~19:00,10:00~19:00,10:00~19:00,10:00~14:00,,,2022-06-01
안산레이크치과의원,치과의원,,"경기도 안산시 단원구 광덕대로 130, 폴리타운 B동 216,217호 (고잔동)",,,,,,,,,2022-06-01
안산미앤미치과의원,치과의원,031-401-5061,"경기도 안산시 단원구 원포공원1로 35, 201,202호 (초지동, 제일프라자)",10:00~19:00,10:00~19:00,10:00~19:00,10:00~19:00,10:00~19:00,10:00~13:00,,,2022-06-01
안산이미지치과의원,치과의원,031-405-2855,"경기도 안산시 단원구 와동공원로 138, 1층 (와동)",10:00~18:30,10:00~18:30,10:00~18:30,10:00~18:30,10:00~18:30,10:00~13:00,,,2022-06-01
어반베스트치과의원,치과의원,031-402-2275,"경기도 안산시 단원구 선부광장1로 179, 이편한세상 선부역 어반스퀘어 상가동 203~206호 (선부동)",09:00~18:00,09:00~18:00,09:00~18:00,09:00~18:00,09:00~18:00,,,,2022-06-01
에이치앤에이치치과의원,치과의원,031-495-2275,경기도 안산시 단원구 도일로 60-15 (신길동),09:30~18:00,09:30~18:00,09:30~18:00,09:30~18:00,09:30~18:00,09:30~13:00,,,2022-06-01
에이플란트치과의원,치과의원,031-8084-2875,"경기도 안산시 단원구 풍전로 37-24, 317동 510,511호 (원곡동, 트리플렉스 비단지)",09:30~18:30,09:30~18:30,09:30~18:30,09:30~20:00,09:30~18:30,09:30~13:30,,,2022-06-01
연세매일치과의원,치과의원,031-411-2475,"경기도 안산시 단원구 원포공원1로 46, 이마트 5층 (초지동)",10:00~21:00,10:00~21:00,10:00~21:00,10:00~21:00,10:00~21:00,10:00~17:30,10:00~17:30,10:00~17:30,2022-06-01
연세스타치과의원,치과의원,031-411-2875,"경기도 안산시 단원구 고잔로 88, 405호 (고잔동)",10:00~20:30,10:00~19:00,10:00~20:30,10:00~19:00,10:00~19:00,09:00~14:00,,,2022-06-01
연세이앤미치과의원,치과의원,031-484-9004,경기도 안산시 단원구 광덕대로 161 (고잔동),10:00~18:30,10:00~18:30,10:00~20:00,10:00~18:30,10:00~18:30,10:00~13:00,,,2022-06-01
연세제일치과의원,치과의원,031-480-7575,"경기도 안산시 단원구 선부광장1로 69 (선부동, 산호한양아파트 상가동)",09:30~21:00,09:30~21:00,09:30~21:00,09:30~21:00,09:30~18:30,09:30~16:00,,,2022-06-01
연세치과의원,치과의원,031-494-9452,경기도 안산시 단원구 원곡1로 59 (원곡동),10:00~19:30,10:00~19:30,10:00~19:30,10:00~19:30,10:00~19:30,10:00~14:30,,,2022-06-01
연세하이치과의원,치과의원,031-403-2270,"경기도 안산시 단원구 고잔로 102, 대지스타타워 401~404호 (고잔동)",09:30~18:30,09:30~18:30,09:30~18:30,09:30~18:30,09:30~18:30,09:30~15:00,,,2022-06-01
열린치과의원,치과의원,031-485-2828,"경기도 안산시 단원구 광덕대로 187, 513,514,515호 (고잔동, 장은타워)",09:30~18:30,09:30~18:30,09:30~18:30,09:30~18:30,09:30~18:30,09:30~13:00,,,2022-06-01
예쁜마음치과의원,치과의원,031-494-7940,경기도 안산시 단원구 신길로1길 86 (신길동),10:00~17:30,10:00~17:30,10:00~17:30,10:00~19:00,10:00~17:30,10:00~13:00,,,2022-06-01
예스치과의원,치과의원,031-495-2873,"경기도 안산시 단원구 원곡로 1, 2층 (원곡동)",10:00~19:00,10:00~19:00,10:00~19:00,10:00~19:00,10:00~19:00,,,,2022-06-01
예원치과의원,치과의원,031-439-2875,"경기도 안산시 단원구 초지동로 7, 201호 (초지동, 한남스포랜드)",09:30~19:00,09:30~21:00,09:30~19:00,09:30~19:00,09:30~19:00,09:30~14:00,,,2022-06-01
예인치과의원,치과의원,031-480-2875,"경기도 안산시 단원구 원초로 30, 307호 (원곡동, 보성프라자)",10:00~18:30,10:00~18:30,10:00~18:30,10:00~18:30,10:00~18:30,10:00~13:30,,,2022-06-01
오정진치과의원,치과의원,031-487-9779,"경기도 안산시 단원구 예술대학로 82, 207,208,211,212,215,216,219,220,223,224,229~232호 (고잔동)",10:00~19:00,10:00~19:00,10:00~19:00,10:00~19:00,10:00~19:00,10:00~13:30,,,2022-06-01
온누리치과의원,치과의원,031-412-2228,경기도 안산시 단원구 선부로 201,09:00~18:00,09:00~18:00,09:00~18:00,09:00~18:00,09:00~18:00,09:00~13:00,,,2022-06-01
와동킴스치과의원,치과의원,031-486-2275,경기도 안산시 단원구 와동로 6 1층 (와동),10:00~19:00,10:00~19:00,10:00~19:00,10:00~19:00,10:00~19:00,10:00~13:00,,,2022-06-01
우리가족치과의원,치과의원,031-475-2080,경기도 안산시 단원구 초지로 90 (초지동),10:00~19:00,10:00~21:00,10:00~19:00,10:00~19:00,10:00~19:00,10:00~14:00,,,2022-06-01
웰빙명인치과의원,치과의원,031-439-7528,"경기도 안산시 단원구 원포공원2로 35, 1동 402호 (초지동, 메가쇼핑)",10:00~18:00,10:00~18:00,10:00~18:00,10:00~18:00,10:00~18:00,10:00~13:00,,,2022-06-01
웰치과의원,치과의원,031-491-9001,"경기도 안산시 단원구 중앙대로 461, 2층 (원곡동)",10:00~19:00,10:00~19:00,,10:00~19:00,10:00~19:00,10:00~19:00,,,2022-06-01
유디중앙역치과의원,치과의원,031-480-4040,"경기도 안산시 단원구 고잔1길 7, 7층 (고잔동, 석탑프라자)",09:30~18:30,09:30~18:30,09:30~18:30,09:30~20:00,09:30~18:30,09:30~14:30,,,2022-06-01
이엘치과의원,치과의원,031-439-2275,"경기도 안산시 단원구 광덕동로 39, 대우프라자 206, 207호 (고잔동)",10:00~19:00,10:00~21:00,10:00~19:00,10:00~19:00,10:00~19:00,09:00~14:00,,,2022-06-01
이영규치과의원,치과의원,031-492-7522,"경기도 안산시 단원구 새뿔길 46, 201호 (신길동)",10:00~18:00,10:00~18:00,10:00~18:00,13:00~20:00,10:00~18:00,10:00~14:00,,,2022-06-01
이클린치과의원,치과의원,031-403-2836,경기도 안산시 단원구 와동로 122 (와동),10:00~19:00,10:00~20:00,10:00~19:00,10:00~20:00,10:00~19:00,10:00~14:00,,,2022-06-01
이포유(e4u)치과의원,치과의원,031-403-7575,"경기도 안산시 단원구 선부광장북로 36, 213~215호 (선부동, 동명벽산상사)",09:30~21:00,09:30~19:00,09:30~21:00,09:30~19:00,09:30~21:00,09:30~16:00,,,2022-06-01
이플러스치과의원,치과의원,031-403-2854,"경기도 안산시 단원구 선부로 233, 3층 (와동)",10:00~18:30,10:00~20:00,10:00~18:30,10:00~20:00,10:00~18:30,10:00~12:00,,,2022-06-01
이해박는집치과의원,치과의원,031-475-2855,"경기도 안산시 단원구 고잔1길 33, 5층 (고잔동, 봉산빌딩)",10:00~18:00,10:00~18:00,10:00~20:30,10:00~18:00,10:00~18:00,10:00~14:00,,,2022-06-01
인플란트치과의원,치과의원,031-8042-2111,"경기도 안산시 단원구 고잔2길 41, 401,402,408호 (고잔동)",09:30~18:30,09:30~20:00,09:30~18:30,09:30~20:30,09:30~18:30,09:30~14:00,,,2022-06-01
일등치과의원,치과의원,031-401-2876,"경기도 안산시 단원구 선부광장로 23, 안산세이브시티 3층 301호 (선부동)",09:30~18:30,09:30~18:30,09:30~18:30,09:30~18:30,09:30~18:30,09:30~14:00,,,2022-06-01
임마누엘치과의원,치과의원,031-410-2875,"경기도 안산시 단원구 라성로 40, A동 2층 1,2호 (원곡동, 반월종합상가)",09:30~18:30,09:30~20:00,09:30~18:30,09:30~18:30,09:30~20:00,09:30~13:00,,,2022-06-01
임치과의원,치과의원,031-494-5001,경기도 안산시 단원구 원곡로 38 (원곡동),10:00~18:30,10:00~18:30,10:00~18:30,10:00~18:30,10:00~18:30,10:00~13:30,,,2022-06-01
정치과의원,치과의원,031-484-2875,"경기도 안산시 단원구 화랑로 358, 208,214호 (고잔동, 자유센타)",09:30~18:30,09:30~18:30,09:30~18:30,09:30~18:30,09:30~18:30,09:30~14:00,,,2022-06-01
진솔치과의원,치과의원,031-402-2872,"경기도 안산시 단원구 삼일로 469, 201호 (고잔동, 상우상가)",10:00~18:00,10:00~18:00,10:00~20:00,10:00~13:00,10:00~18:00,10:00~13:00,,,2022-06-01
처음가는소아치과의원,치과의원,031-8042-2824,"경기도 안산시 단원구 광덕3로 178, 화승타운 309호 (고잔동)",10:00~18:30,10:00~18:30,10:00~18:30,10:00~18:30,10:00~18:30,09:30~14:00,,,2022-06-01
초지메이저치과의원,치과의원,031-503-2080,"경기도 안산시 단원구 화랑로 160, 단지내 상가 305~307호 (초지동)",09:30~18:30,09:30~18:30,09:30~18:30,09:30~18:30,09:30~18:30,09:30~14:00,,,2022-06-01
초지일관치과의원,치과의원,031-494-2782,"경기도 안산시 단원구 화랑로 102, 이편한세상초지역센트럴포레 상가1동 201~206호 (원곡동)",10:00~18:00,10:00~18:00,10:00~18:00,10:00~18:00,10:00~18:00,,,,2022-06-01
킴스치과의원,치과의원,031-475-7528,"경기도 안산시 단원구 광덕대로 174 (고잔동, 월드타운 501호, 509호 일부, 510호)",10:00~19:00,10:00~19:00,14:00~21:00,10:00~19:00,10:00~19:00,10:00~12:00,,,2022-06-01
평화의치과의원,치과의원,031-482-7533,경기도 안산시 단원구 선부광장1로 82 (선부동),09:40~22:00,09:40~22:00,09:40~22:00,09:40~22:00,09:40~22:00,10:00~13:00,,,2022-06-01
포도나무치과의원,치과의원,031-403-0033,"경기도 안산시 단원구 광덕대로 174, 월드타운 C동 417호 (고잔동)",09:30~19:00,09:30~19:00,09:30~19:00,09:30~19:00,09:30~19:00,09:30~14:00,,,2022-06-01
푸른치과의원,치과의원,031-493-7528,"경기도 안산시 단원구 화랑로 123 (원곡동, 한화꿈에그림(아)상가 202호)",10:00~19:00,10:00~21:00,10:00~19:00,10:00~19:00,10:00~21:00,10:00~14:00,,,2022-06-01
하나치과의원,치과의원,031-494-0043,"경기도 안산시 단원구 원초로 23, 상가동 101,102호 (원곡동, 대우푸르지오8차아파트)",10:00~18:30,10:00~18:30,10:00~18:30,10:00~18:30,10:00~18:30,10:00~14:00,,,2022-06-01
한결치과의원,치과의원,031-485-2800,"경기도 안산시 단원구 선부광장1로 72, 305호 (선부동, 훼미리프라자)",09:30~18:00,09:30~18:00,09:30~18:00,09:30~18:00,09:30~18:00,09:30~13:00,,,2022-06-01
한림치과의원,치과의원,031-486-2875,"경기도 안산시 단원구 광덕동로 61, 303,304호 (고잔동, 중앙프라자)",10:00~18:00,10:00~18:00,10:00~19:00,10:00~18:00,10:00~18:00,10:00~14:00,,,2022-06-01
한사랑치과의원,치과의원,031-507-2875,"경기도 안산시 단원구 광덕1로 159, 302호 (고잔동, 대림프라자)",09:30~18:30,09:30~18:30,09:30~18:30,09:30~18:30,09:30~18:30,09:30~13:00,,,2022-06-01
해맑은치과의원,치과의원,031-486-2822,"경기도 안산시 단원구 달미로 67, 2층 (선부동)",10:00~19:00,10:00~19:00,10:00~19:00,10:00~19:00,10:00~19:00,10:00~15:30,,,2022-06-01
행복한어린이치과의원,치과의원,031-410-2275,"경기도 안산시 단원구 선부광장1로 56, 206~210호 (선부동, 일성빌딩)",10:00~19:00,10:00~19:00,10:00~19:00,10:00~19:00,10:00~19:00,09:30~14:00,,,2022-06-01
현대치과의원,치과의원,031-494-4907,"경기도 안산시 단원구 산단로 342, 원곡유통상가 A동 308호 (원곡동)",10:00~18:00,10:00~18:00,10:00~18:00,10:00~18:00,10:00~18:00,10:00~12:00,,,2022-06-01
화이트치과의원,치과의원,031-8040-5880,"경기도 안산시 단원구 원포공원로 10, 402호 (초지동)",09:00~18:00,09:00~18:00,09:00~18:00,09:00~18:00,09:00~18:00,09:00~13:00,,,2022-06-01
효치과의원,치과의원,031-414-2835,경기도 안산시 단원구 라성로 36  (원곡동),10:00~19:00,10:00~21:00,10:00~19:00,10:00~19:00,10:00~19:00,10:00~15:00,,,2022-06-01
늘푸른한방병원,한방병원,031-475-1079,"경기도 안산시 단원구 선부광장로 95, 203,301~305호 (선부동)",09:00~18:00,09:00~18:00,09:00~18:00,09:00~18:00,09:00~18:00,09:00~15:00,,,2022-06-01
동의한방병원,한방병원,031-365-3500,"경기도 안산시 단원구 적금로 120, 안산상공회의소 2,3,4층 (고잔동)",09:30~18:00,09:30~18:00,09:30~18:00,09:30~18:00,09:30~18:00,09:30~13:00,,,2022-06-01
백운한방병원,한방병원,031-405-1075,"경기도 안산시 단원구 라성안길 17, 101,302,302-1,307,307-1,2,3호 (원곡동, 베스트플라자)",09:00~18:00,09:00~18:00,09:00~18:00,09:00~18:00,09:00~18:00,09:00~14:00,09:00~14:00,09:00~14:00,2022-06-01
서연의료소비자생활협동조합성심한방병원,한방병원,031-401-2468,"경기도 안산시 단원구 광덕2로 164, 더와이피 2,3층 (고잔동)",09:00~18:00,09:00~18:00,09:00~18:00,09:00~18:00,09:00~18:00,09:00~14:00,,,2022-06-01
안산수한방병원,한방병원,031-439-1075,경기도 안산시 단원구 당곡로 11 (고잔동),09:30~18:00,09:30~18:00,09:30~18:00,09:30~18:00,09:30~18:00,09:30~13:00,,,2022-06-01
안산자생한방병원,한방병원,031-362-8662,경기도 안산시 단원구 광덕대로 241 (고잔동),09:00~20:00,09:00~20:00,09:00~20:00,09:00~20:00,09:00~18:00,09:00~18:00,,,2022-06-01
튼튼건강의료소비자생협누리한방병원,한방병원,031-480-4111,"경기도 안산시 단원구 선부광장1로 56, 5층 (선부동)",09:00~18:00,09:00~18:00,09:00~21:00,09:00~18:00,09:00~18:00,09:00~14:00,,,2022-06-01
하눌한방병원,한방병원,031-401-7733,"경기도 안산시 단원구 광덕대로 151, 삼영타운 6층 604,606~611호 (고잔동)",09:30~18:00,09:30~18:00,09:30~18:00,09:30~18:00,09:30~18:00,09:00~13:00,,,2022-06-01
해솔한방병원,한방병원,031-403-2700,"경기도 안산시 단원구 광덕서로 100, 두성타워 201호 (고잔동)",09:00~18:00,09:00~18:00,09:00~18:00,09:00~18:00,09:00~18:00,09:00~13:00,,,2022-06-01
21세기경희한의원,한의원,031-482-1075,경기도 안산시 단원구 광덕동로 55 (고잔동),10:00~19:30,10:00~19:30,10:00~19:30,14:00~19:30,10:00~19:30,10:00~16:00,,,2022-06-01
365선부한의원,한의원,031-403-3338,"경기도 안산시 단원구 선부광장1로 108, 다이아몬드프라자 207호 (선부동)",,,,,,,,,2022-06-01
감초당한의원,한의원,031-414-5910,"경기도 안산시 단원구 선부광장1로 62, 301호 (선부동, 동원프라자)",09:30~17:30,09:30~17:30,09:30~21:00,09:30~17:30,09:30~17:30,09:30~14:00,,,2022-06-01
갑산한의원,한의원,031-439-8275,"경기도 안산시 단원구 광덕1로 56 (초지동, 로얄프라자 201,208호)",09:30~19:00,09:30~19:00,09:30~19:00,09:30~19:00,09:30~19:00,09:30~16:00,,09:30~15:00,2022-06-01
경락한의원,한의원,031-401-1075,경기도 안산시 단원구 선부로 195 (선부동),09:00~20:00,09:00~18:00,09:00~20:00,09:00~18:00,09:00~20:00,09:00~13:00,,,2022-06-01
경희매일아침한의원,한의원,031-413-0930,"경기도 안산시 단원구 화랑로 159, 단지내 상가 2층 202,203호 (초지동)",09:30~20:00,09:30~20:00,09:30~20:00,09:30~20:00,09:30~20:00,09:30~14:00,,09:30~14:00,2022-06-01
경희사암한의원,한의원,031-439-3003,"경기도 안산시 단원구 광덕동로 101, 203호 (고잔동, 두일빌딩)",10:00~20:00,,10:00~20:00,10:00~20:00,10:00~20:00,10:00~18:00,,,2022-06-01
경희소명한의원,한의원,031-403-1075,"경기도 안산시 단원구 선부광장1로 66, 209호 (선부동)",09:30~19:00,09:30~19:00,09:30~19:00,09:30~19:00,09:30~19:00,09:30~15:00,,,2022-06-01
경희수한의원,한의원,031-486-1075,"경기도 안산시 단원구 석수로5길 14, 2층 (선부동)",09:30~19:00,09:30~19:00,09:30~19:00,09:30~19:00,09:30~19:00,09:30~17:00,12:00~17:00,09:30~17:00,2022-06-01
경희한의원,한의원,031-480-7151,"경기도 안산시 단원구 화랑로 358, 313호 (고잔동)",09:30~18:00,09:30~18:00,09:30~18:00,09:30~18:00,09:30~18:00,09:30~16:00,,,2022-06-01
공단한의원,한의원,031-492-2700,"경기도 안산시 단원구 동산로 48, 2층 1호 (원시동, 지원회관)",09:00~19:00,09:00~19:00,09:00~19:00,09:00~19:00,09:00~19:00,09:00~13:00,,,2022-06-01
광제당한의원,한의원,031-411-4464,"경기도 안산시 단원구 선부광장1로 56, 214호,216호,217호 (선부동, 일성빌딩)",10:00~19:00,10:00~19:00,10:00~19:00,10:00~19:00,10:00~19:00,10:00~17:00,,,2022-06-01
김형주한의원,한의원,031-480-7510,"경기도 안산시 단원구 고잔로 88, 507,508호 (고잔동)",09:30~19:00,09:30~13:00,09:30~19:00,09:30~13:00,09:30~19:00,09:30~14:00,,,2022-06-01
남경한의원,한의원,031-292-8575,"경기도 안산시 단원구 원곡로 44, 2층 (원곡동)",09:00~21:00,09:00~19:30,09:00~21:00,09:00~19:30,09:00~21:00,,,,2022-06-01
노현숙한의원,한의원,031-486-7557,"경기도 안산시 단원구 삼일로 451, 1~2층 (와동)",09:00~18:00,09:00~18:00,09:00~18:00,09:00~18:00,09:00~18:00,09:00~12:00,,,2022-06-01
녹현한의원,한의원,031-485-7875,"경기도 안산시 단원구 광덕서로 56, 303호 (고잔동, 금강프라자)",09:30~20:30,09:30~19:00,09:30~19:00,09:30~20:30,09:30~19:00,09:30~15:00,,,2022-06-01
늘푸른한의원,한의원,031-413-1075,"경기도 안산시 단원구 초지로 90, 305호 (초지동, 태영프라자)",09:00~19:00,09:00~19:00,09:00~19:00,09:00~19:00,09:00~19:00,09:00~16:00,,,2022-06-01
다솔한의원,한의원,031-504-2508,"경기도 안산시 단원구 화랑로 67, 1층 (원곡동)",09:30~19:00,09:30~19:00,09:30~19:00,09:30~19:00,09:30~19:00,09:30~13:00,,,2022-06-01
다자래한의원,한의원,031-362-5375,"경기도 안산시 단원구 화랑로 130, 단지내  상가 1동 2층 208,209,210,211호 (원곡동)",09:00~20:00,09:00~20:00,09:00~20:00,09:00~18:00,09:00~20:00,09:00~14:00,,,2022-06-01
다정한의원,한의원,031-481-8870,"경기도 안산시 단원구 지곡로 28, 1,2,3층 (선부동)",09:30~19:00,09:30~19:00,09:30~19:00,09:30~19:00,09:30~19:00,09:30~15:00,,,2022-06-01
단원경희한의원,한의원,031-401-2672,"경기도 안산시 단원구 보배4길 15, 2층 (고잔동)",09:30~19:00,09:30~20:30,09:30~13:00,09:30~19:00,09:30~20:30,09:30~13:00,,,2022-06-01
대부명성한의원,한의원,032-886-8081,"경기도 안산시 단원구 대부중앙로 110, 1층 1호,2호 (대부북동)",09:00~19:00,09:00~19:00,09:00~19:00,09:00~19:00,09:00~19:00,09:00~14:00,,,2022-06-01
대자인한의원,한의원,031-405-5075,"경기도 안산시 단원구 예술대학로 9, 309~311호 (고잔동)",09:30~19:00,09:30~21:00,09:30~19:00,09:30~21:00,09:30~19:00,09:30~16:00,,,2022-06-01
더선부한의원,한의원,031-411-1808,"경기도 안산시 단원구 선부광장1로 10, 동양빌딩 124호 (선부동)",09:00~18:30,09:00~18:30,09:00~18:30,09:00~18:30,09:00~18:30,09:00~14:00,,,2022-06-01
도원한의원,한의원,031-483-5075,"경기도 안산시 단원구 초지로 100, 204호 (초지동, 세종프라자)",09:30~18:30,09:30~18:30,09:30~16:30,09:30~18:30,09:30~18:30,09:30~14:00,,,2022-06-01
동보한의원,한의원,031-402-7588,"경기도 안산시 단원구 선부광장1로 69 (선부동, 산호한양아파트 상가동)",09:30~19:00,09:30~19:00,09:30~19:00,09:30~19:00,09:30~19:00,09:30~15:00,,,2022-06-01
둘리한의원,한의원,031-402-6123,"경기도 안산시 단원구 선부광장1로 72, 304호 (선부동, 훼미리프라자)",10:00~19:00,10:00~19:00,10:00~19:00,10:00~19:00,10:00~19:00,10:00~16:00,,10:00~16:00,2022-06-01
리바디한의원,한의원,031-364-8475,"경기도 안산시 단원구 중앙대로 907, 안산종합상가 2동 3층 2306호 (고잔동)",10:00~21:00,10:00~21:00,10:00~21:00,10:00~21:00,10:00~21:00,10:00~16:00,10:00~16:00,10:00~16:00,2022-06-01
맑은숲한의원,한의원,031-414-1475,"경기도 안산시 단원구 예술대학로 17, 402호 (고잔동, 중앙노블레스)",10:00~19:00,10:00~20:30,10:00~19:00,14:00~20:30,10:00~19:00,10:00~16:00,,,2022-06-01
명성한의원,한의원,031-483-7667,"경기도 안산시 단원구 당곡2로 23, 204호 (고잔동)",09:30~19:00,09:30~19:00,09:30~19:00,09:30~19:00,09:30~19:00,09:30~16:00,,,2022-06-01
명인한의원,한의원,031-480-0035,"경기도 안산시 단원구 초지동로 33 (초지동, 한남빌딩304호)",09:30~19:00,09:30~19:00,09:30~21:00,14:00~19:00,09:30~19:00,09:30~14:00,,,2022-06-01
목인한의원,한의원,031-411-0882,"경기도 안산시 단원구 초지로 94, 306호 (초지동, 한솔프라자)",09:00~19:00,09:00~19:00,09:00~19:00,09:00~19:00,09:00~19:00,09:00~16:00,,,2022-06-01
미듬가는의료소비자생활협동조합해밀한의원,한의원,031-484-5775,"경기도 안산시 단원구 선부로 253, 2층,4층 (와동)",09:30~18:30,09:30~18:30,09:30~18:30,09:30~18:30,09:30~18:30,09:30~15:00,,,2022-06-01
미소로한의원,한의원,031-411-4647,"경기도 안산시 단원구 예술대학로 17, 4층 408호 (고잔동, 안산중앙노블레스)",10:00~19:00,10:00~21:00,10:00~19:00,10:00~21:00,10:00~19:00,09:00~14:00,,,2022-06-01
미올한의원,한의원,031-486-1023,"경기도 안산시 단원구 예술대학로 17, 안산중앙노블레스 209~211, 912~915호 (고잔동)",10:30~20:30,10:30~20:30,10:30~20:30,10:30~20:30,10:30~20:30,10:00~15:00,,,2022-06-01
바른한의원,한의원,031-484-1275,"경기도 안산시 단원구 광덕1로 63, 203호 (초지동, 메디프라자)",09:25~19:00,09:25~19:00,09:25~19:00,09:25~19:00,09:25~19:00,09:30~14:00,,09:30~14:00,2022-06-01
박지훈한의원,한의원,031-492-8787,"경기도 안산시 단원구 원본로 26, 3층 (원곡동)",09:00~21:00,09:00~18:00,09:00~21:00,09:00~18:00,09:00~21:00,09:00~14:00,,,2022-06-01
발머스한의원,한의원,031-438-7030,"경기도 안산시 단원구 광덕서로 86, 501호 (고잔동, 안산법조타운)",10:00~21:00,10:00~19:00,,14:00~21:00,10:00~19:00,10:00~16:00,,,2022-06-01
밝은경희한의원,한의원,031-507-8275,"경기도 안산시 단원구 광덕1로 159, 401호 (고잔동, 대림프라자)",09:30~18:30,09:30~18:30,09:30~18:30,14:00~18:30,09:30~18:30,09:30~16:00,,,2022-06-01
보령한의원,한의원,031-486-3686,"경기도 안산시 단원구 적금로 53, 1층 (고잔동)",09:30~19:00,09:30~19:00,09:30~19:00,,09:30~19:00,09:30~12:30,09:30~16:00,,2022-06-01
부부한의원,한의원,031-401-1112,"경기도 안산시 단원구 광덕동로 71, 303,304호 (고잔동, 네오빌딩)",09:30~19:00,09:30~19:00,09:30~19:00,09:30~19:00,09:30~19:00,09:30~16:00,,,2022-06-01
사랑샘한의원,한의원,031-411-8275,"경기도 안산시 단원구 초지동로 7, 204호 (초지동, 한남스포랜드)",09:00~19:00,09:00~19:00,09:00~19:00,09:00~19:00,09:00~19:00,09:00~15:00,,,2022-06-01
사랑인한의원,한의원,031-365-3682,"경기도 안산시 단원구 예술대학로 17, 안산중앙노블레스 307, 319호 (고잔동)",10:00~21:00,10:00~21:00,10:00~21:00,10:00~21:00,10:00~21:00,10:00~16:00,10:00~16:00,10:00~16:00,2022-06-01
삼정한의원,한의원,031-483-2480,"경기도 안산시 단원구 화랑로 123, 201호 (원곡동, 한화@상가)",09:30~19:00,09:30~19:00,09:30~19:00,09:30~19:00,09:30~19:00,09:30~16:00,,,2022-06-01
새날한의원,한의원,031-486-7588,"경기도 안산시 단원구 광덕서로 86, 303호 (고잔동, 안산법조타운)",09:30~18:30,09:30~18:30,09:30~18:30,14:00~18:30,09:30~18:30,09:30~14:00,,,2022-06-01
생기한의원안산점,한의원,031-365-4779,"경기도 안산시 단원구 고잔로 76, 6층 601호 (고잔동, 영풍빌딩)",10:00~18:00,10:00~21:00,,10:00~21:00,10:00~18:00,09:00~15:00,,,2022-06-01
생명마루한의원,한의원,031-509-7533,"경기도 안산시 단원구 중앙대로 907, 2동 3층 2304호 (고잔동, 안산종합상가)",10:00~20:30,10:00~20:30,10:00~20:30,14:00~20:30,10:00~20:30,10:00~14:30,,,2022-06-01
서민한의원,한의원,031-494-5520,경기도 안산시 단원구 원선로 49 (원곡동),09:30~19:00,09:30~19:00,09:30~19:00,14:00~21:00,09:30~19:00,09:30~15:00,,,2022-06-01
선부경희한의원,한의원,031-402-1808,"경기도 안산시 단원구 선부광장1로 82, 307호 (선부동, 서림빌딩)",09:00~19:00,09:00~20:00,09:00~19:00,09:00~20:00,09:00~19:00,09:00~15:00,,,2022-06-01
성심한의원,한의원,031-411-1774,"경기도 안산시 단원구 선부광장1로 82, 307호 (선부동, 서림빌딩)",09:30~19:30,09:30~19:30,09:30~19:30,09:30~21:00,09:30~19:30,09:30~16:00,,,2022-06-01
시원한한의원,한의원,031-493-1076,"경기도 안산시 단원구 새뿔길 19, 2층 (신길동)",09:30~20:00,09:30~20:00,09:30~20:00,09:30~20:00,09:30~20:00,09:30~12:00,,,2022-06-01
아이조아패밀리한의원,한의원,031-487-3275,"경기도 안산시 단원구 광덕대로 187, 310호 (고잔동, 장은타워)",,10:00~18:00,10:00~18:00,10:00~18:00,10:00~18:00,09:00~16:30,,10:00~16:30,2022-06-01
안산365한의원,한의원,031-403-3655,"경기도 안산시 단원구 광덕4로 180, 부원프라자 409호, 410호 (고잔동)",10:00~19:30,10:00~19:30,10:00~19:30,10:00~19:30,10:00~19:30,09:00~15:00,09:00~15:00,,2022-06-01
안산유진곤한의원,한의원,031-411-7512,"경기도 안산시 단원구 와동로 3, 201,202호 (와동)",09:00~19:00,09:00~21:00,09:00~19:00,09:00~21:00,09:00~19:00,09:00~14:00,,,2022-06-01
약손경희한의원,한의원,031-439-1108,"경기도 안산시 단원구 라성안길 1, 201호 (원곡동, 삼우상가)",09:30~19:30,09:30~19:30,09:30~19:30,09:30~19:30,09:30~19:30,09:30~14:30,,,2022-06-01
양지한의원,한의원,031-405-7582,"경기도 안산시 단원구 와동공원로 155, 2~4층 (와동)",09:00~18:00,09:00~18:00,09:00~18:00,09:00~18:00,09:00~18:00,09:00~13:00,,,2022-06-01
어담한의원,한의원,031-401-8275,"경기도 안산시 단원구 원초로 24, 302,303호 (원곡동, 벽산블루밍아파트상가동)",09:30~19:00,09:30~19:00,09:30~19:00,09:30~19:00,09:30~19:00,09:30~14:00,,,2022-06-01
예림한의원,한의원,031-411-4111,"경기도 안산시 단원구 중앙대로 921, 422호 (고잔동, 동서코아)",10:00~21:00,10:00~19:00,10:00~19:00,10:00~21:00,10:00~19:00,10:00~14:00,,,2022-06-01
오름한의원,한의원,031-487-7121,"경기도 안산시 단원구 고잔로 102, 301호 (고잔동)",10:00~20:30,10:00~19:00,10:00~20:30,10:00~19:00,10:00~19:00,09:30~13:00,,,2022-06-01
온새미로의료소비자생활협동조합 초지한의원,한의원,031-405-1065,"경기도 안산시 단원구 원포공원1로 49, 412~414호 (초지동, 태영타운)",09:30~18:30,09:30~18:30,09:30~18:30,09:30~18:30,09:30~18:30,09:30~15:00,,,2022-06-01
와동한의원,한의원,031-486-4218,"경기도 안산시 단원구 와동로 126, 1층 (와동)",10:00~21:00,10:00~18:30,10:00~18:30,10:00~21:00,10:00~18:30,,,,2022-06-01
우리가족한의원,한의원,031-487-8275,"경기도 안산시 단원구 선부로 187, 3층 (선부동, 유송빌딩)",10:00~18:00,10:00~18:00,10:00~18:00,10:00~13:00,10:00~18:00,10:00~13:00,,,2022-06-01
으뜸맥한의원,한의원,031-483-8853,"경기도 안산시 단원구 광덕3로 167, 201호 (고잔동, 신영프라자)",09:00~19:00,09:00~19:00,09:00~19:00,09:00~19:00,09:00~19:00,09:30~14:00,,,2022-06-01
의료법인세창의료재단우성한의원,한의원,031-412-3016,경기도 안산시 단원구 고잔로 58-10 (고잔동),09:30~15:30,09:30~15:30,09:30~15:30,09:30~15:30,09:30~15:30,09:30~13:00,,,2022-06-01
의료법인편강의료재단편강한의원,한의원,031-487-7773,"경기도 안산시 단원구 광덕4로 250, 씨티프라자 201호 (고잔동)",09:30~18:30,09:30~18:30,09:30~18:30,09:30~18:30,09:30~18:30,09:00~16:00,,,2022-06-01
인애한의원,한의원,031-365-3132,"경기도 안산시 단원구 고잔2길 59 (고잔동, 신세기빌딩)",10:00~20:00,10:00~20:00,14:00~20:00,10:00~20:00,10:00~20:00,10:00~16:00,,,2022-06-01
일등한의원,한의원,031-410-0102,"경기도 안산시 단원구 라성로 36, B동 109~112호 (원곡동)",09:00~20:00,09:00~20:00,09:00~20:00,09:00~20:00,09:00~20:00,09:00~16:00,,09:00~16:00,2022-06-01
자경한의원,한의원,031-487-7588,"경기도 안산시 단원구 와동공원로 116, 2층 (와동)",08:30~18:00,08:30~18:00,08:30~18:00,08:30~18:00,08:30~18:00,08:30~13:00,,,2022-06-01
자민한의원,한의원,031-414-8575,"경기도 안산시 단원구 광덕3로 178, 206호 (고잔동, 화승타운)",09:30~19:00,09:30~19:00,09:30~19:00,09:30~19:00,09:30~19:00,09:30~15:00,,,2022-06-01
자연과한의원,한의원,031-401-7579,"경기도 안산시 단원구 중앙대로 907, 안산종합상가 1동 4층 1406호 (고잔동)",10:00~20:00,14:00~21:00,10:00~20:00,14:00~21:00,10:00~20:00,10:00~16:00,,,2022-06-01
자연한의원,한의원,031-484-8275,"경기도 안산시 단원구 선부광장1로 70, 305호 (선부동, 군자빌딩)",09:30~19:00,09:30~19:00,09:30~21:00,09:30~13:00,09:30~19:00,09:30~15:00,,,2022-06-01
좋아요한의원,한의원,031-410-1075,"경기도 안산시 단원구 선부광장1로 10, 동양빌딩 402~403호 (선부동)",09:30~17:30,09:30~17:30,09:30~17:30,09:30~17:30,09:30~17:30,09:30~13:00,09:30~13:00,09:30~13:00,2022-06-01
중앙경희한의원,한의원,031-403-7582,"경기도 안산시 단원구 예술대학로 83, 201호 (고잔동)",09:30~19:00,09:30~21:00,09:30~19:00,09:30~21:00,09:30~19:00,09:30~16:00,,,2022-06-01
채한의원,한의원,031-483-3535,"경기도 안산시 단원구 고잔로 108, 2층 202호 (고잔동)",11:00~21:00,11:00~21:00,11:00~21:00,,11:00~21:00,09:50~17:00,,,2022-06-01
청담BS한의원,한의원,031-405-7975,"경기도 안산시 단원구 광덕대로 174, A동 401호 (고잔동, 월드타운)",10:00~19:00,10:00~20:30,10:00~19:00,10:00~20:30,10:00~19:00,10:00~16:00,,,2022-06-01
총명한의원,한의원,031-484-3355,"경기도 안산시 단원구 광덕대로 146, 일번지프라자 403호 (고잔동)",09:00~18:00,09:00~18:00,09:00~18:00,09:00~18:00,09:00~18:00,,,,2022-06-01
춘하한의원,한의원,031-405-7275,"경기도 안산시 단원구 광덕대로 181, 401호 (고잔동, BYC빌딩)",09:30~18:00,09:30~18:00,09:30~18:00,09:30~18:00,09:30~18:00,09:30~14:00,,,2022-06-01
쾌통한의원,한의원,031-495-5975,"경기도 안산시 단원구 산단로 278, A동 105호 (원시동, 반월하이테크빌리지)",10:00~19:00,10:00~19:00,10:00~19:00,10:00~19:00,10:00~19:00,10:00~14:00,,,2022-06-01
평안한의원,한의원,031-411-2462,"경기도 안산시 단원구 광덕동로 67, 신명빌딩 203호 (고잔동)",09:30~18:30,09:30~18:30,09:30~18:30,09:30~18:30,,09:30~17:00,09:30~13:00,,2022-06-01
평화한의원,한의원,031-484-5511,"경기도 안산시 단원구 고잔2길 41, 501호 (고잔동, 신양프라자)",09:30~19:00,09:30~19:00,09:30~19:00,09:30~19:00,09:30~19:00,09:30~16:00,,,2022-06-01
폴리한의원,한의원,031-365-4581,"경기도 안산시 단원구 고잔로 88, 8층 806호 (고잔동)",10:00~18:00,10:00~18:00,10:00~18:00,10:00~18:00,10:00~18:00,10:00~15:00,,,2022-06-01
하늘체한의원,한의원,031-365-3675,"경기도 안산시 단원구 고잔1길 17, 602호,603호 (고잔동, 대유빌딩)",11:00~21:00,11:00~21:00,15:00~21:00,11:00~21:00,11:00~21:00,11:00~16:00,,,2022-06-01
한가족경희한의원,한의원,031-411-0659,"경기도 안산시 단원구 원초로 30, 304호 (원곡동, 보성프라자)",09:00~19:00,09:00~19:00,09:00~19:00,09:00~19:00,09:00~19:00,09:00~14:00,,,2022-06-01
한양한의원,한의원,031-410-7946,"경기도 안산시 단원구 선부로 183, 303호 (선부동, 화성프라자)",09:30~19:00,09:30~19:00,09:30~19:00,09:30~19:00,09:30~19:00,09:30~16:00,,09:30~13:00,2022-06-01
함소아한의원,한의원,031-411-0448,"경기도 안산시 단원구 광덕대로 174, C동 418호 (고잔동)",10:00~18:00,10:00~18:00,10:00~18:00,10:00~18:00,10:00~20:00,09:30~16:30,,09:30~16:30,2022-06-01
해율한의원,한의원,031-255-9999,"경기도 안산시 단원구 고잔2길 45, 코스모프라자 302호 (고잔동)",11:00~21:00,11:00~21:00,11:00~21:00,11:00~21:00,11:00~21:00,10:30~16:00,,,2022-06-01
혜민한의원,한의원,031-405-1684,"경기도 안산시 단원구 선부광장1로 69, 213호 (선부동, 산호한양아파트상가)",09:30~19:00,09:30~19:00,09:30~19:00,09:30~19:00,09:30~19:00,09:30~16:00,,,2022-06-01
홍한의원,한의원,031-401-0990,"경기도 안산시 단원구 선부광장1로 30, 305~308호 (선부동, 단원프라자)",09:00~18:00,09:00~18:00,09:00~18:00,09:00~18:00,09:00~18:00,09:00~13:00,,,2022-06-01
반월바른플란트치과의원,치과의원,031-409-2879,"경기도 안산시 상록구 건건로 123, 한맥빌딩 3층 (건건동)",,,,,,,,,2022-06-01
연세세브란스 치과의원,치과의원,031-502-2080,"경기도 안산시 상록구 석호로 290, 2~3층 (본오동)",,,,,,,,,2022-06-01
서울지혜로운치과의원,치과의원,031-501-2879,"경기도 안산시 상록구 용신로 389, 상록수상가 301,302호 (본오동)",,,,,,,,,2022-06-01
연세해솔가정의학과의원,의원,031-415-5425,"경기도 안산시 상록구 해양5로 11, 214~215호 (사동)",,,,,,,,,2022-06-01
평강채한의원,한의원,031-418-8875,"경기도 안산시 상록구 상록수로 54, 대동빌딩 302호 (본오동)",,,,,,,,,2022-06-01
우리예담의료소비자생활협동조합 한국의원,의원,031-418-8272,"경기도 안산시 상록구 각골로 76, 2~3층, 4층(401호) (본오동)",,,,,,,,,2022-06-01
대명한의원,한의원,031-419-1075,"경기도 안산시 상록구 샘골로 118, 201호 (본오동)",,,,,,,,,2022-06-01
서울탑의원,의원,031-406-7575,"경기도 안산시 상록구 건건로 66, 스마트타워 301~304호 (건건동)",,,,,,,,,2022-06-01
자이탑치과의원,치과의원,031-407-2879,"경기도 안산시 상록구 해양5로 11, 상가 211~212호 (사동)",,,,,,,,,2022-06-01
안산본플란트치과의원,치과의원,031-408-2870,"경기도 안산시 상록구 샘골로 39, 연지 오피스텔 201~202호 (본오동)",,,,,,,,,2022-06-01
서울그랑치과의원,치과의원,031-520-2828,"경기도 안산시 상록구 해양5로 11, P동 2016~2017호 (사동)",,,,,,,,,2022-06-01
본오마디의원·한의원,한의원,031-501-7577,"경기도 안산시 상록구 석호로 288, 2층 (본오동)",,,,,,,,,2022-06-01
본오마디의원·한의원,의원,031-501-7577,"경기도 안산시 상록구 석호로 288, 2층 (본오동)",,,,,,,,,2022-06-01
365경희준한의원,한의원,031-365-4976,"경기도 안산시 상록구 해양5로 11, 그랑시티자이2차상가동 229~230호 (사동)",,,,,,,,,2022-06-01
소담한의원,한의원,031-419-0075,"경기도 안산시 상록구 석호로 208, 2~3층, 4층일부층 (사동)",,,,,,,,,2022-06-01
광덕고현우한의원,한의원,031-414-5900,"경기도 안산시 상록구 광덕산2로 17, 2층 (월피동)",,,,,,,,,2022-06-01
서울신치과의원,치과의원,031-520-2233,"경기도 안산시 상록구 상록수로 34, 뉴라성관광호텔 203호 (본오동)",,,,,,,,,2022-06-01
진인한의원,한의원,031-501-2999,"경기도 안산시 상록구 중보로 47, 고잔프라자 201,202호 (이동)",,,,,,,,,2022-06-01
윤철연합의원·한의원,한의원,031-407-7575,"경기도 안산시 상록구 광덕1로 354, 브라이튼빌오피스텔 2층 201호 (이동)",,,,,,,,,2022-06-01
윤철연합의원·한의원,의원,031-407-7575,"경기도 안산시 상록구 광덕1로 354, 브라이튼빌오피스텔 2층 201호 (이동)",,,,,,,,,2022-06-01
새이치과의원,치과의원,031-411-5550,"경기도 안산시 상록구 광덕산3로 43, 2층 (월피동)",,,,,,,,,2022-06-01
바른몸한의원,한의원,031-438-1914,"경기도 안산시 상록구 건건3길 5, 센타프라자 301호 (건건동)",,,,,,,,,2022-06-01
청석한의원,한의원,031-415-7588,"경기도 안산시 상록구 해양1로 34, 안산고잔7차푸르지오 상가동 4층 403~404호 (사동)",,,,,,,,,2022-06-01
월피한의원,한의원,031-402-7582,"경기도 안산시 상록구 예술광장로 25, 풍전빌딩 3층 (월피동)",,,,,,,,,2022-06-01
센트럴치과의원,치과의원,031-406-2270,"경기도 안산시 상록구 해양1로 11, 204호 (사동, 안산고잔6차푸르지오)",,,,,,,,,2022-06-01
닥터스마일치과의원,치과의원,031-415-7522,"경기도 안산시 상록구 용신로 394, 서해프라자 4층 (본오동)",,,,,,,,,2022-06-01
튼튼치과의원,치과의원,031-418-7528,"경기도 안산시 상록구 석호로 268, 2층 (본오동)",,,,,,,,,2022-06-01
현가정의학과의원,의원,031-407-0365,"경기도 안산시 상록구 본오로 128, 2층 (본오동)",,,,,,,,,2022-06-01
바른수치과의원,치과의원,031-408-2879,"경기도 안산시 상록구 본오로 124, 302호 (본오동)",,,,,,,,,2022-06-01
365장편한호내과의원,의원,031-502-0365,"경기도 안산시 상록구 샘골로 150, 동성빌딩 202,203호 (본오동)",,,,,,,,,2022-06-01
유호여성의원,의원,031-439-5700,"경기도 안산시 상록구 예술광장로 35, 에스엘타운 403호 (월피동)",,,,,,,,,2022-06-01
상록도담한의원,한의원,031-413-6111,"경기도 안산시 상록구 월피로 78, 성포빌딩 1층 (월피동)",,,,,,,,,2022-06-01
더조은서울내과의원,의원,031-402-5995,"경기도 안산시 상록구 예술광장로 35, 303호 (월피동, 에스엘타운)",,,,,,,,,2022-06-01
묘향산한의원,한의원,031-438-7575,"경기도 안산시 상록구 도매시장로 63, 2층 (이동)",,,,,,,,,2022-06-01
오복한의원,한의원,031-438-7582,경기도 안산시 상록구 본오로 89-1 (본오동),,,,,,,,,2022-06-01
중앙코끼리소아청소년과의원,의원,031-407-1178,"경기도 안산시 상록구 샘골로 142, 2층 203~204호 (본오동, 동보프라자)",,,,,,,,,2022-06-01
다나치과의원,치과의원,031-409-2875,"경기도 안산시 상록구 정동1길 2 (팔곡일동, 예일빌딩)",,,,,,,,,2022-06-01
365 속시원한 가정의학과 의원,의원,031-406-3677,"경기도 안산시 상록구 도매시장로 32, 2층일부~3층 (이동)",,,,,,,,,2022-06-01
허브치과의원,치과의원,031-415-2228,"경기도 안산시 상록구 영화6길 26, 2층 (사동)",,,,,,,,,2022-06-01
손 한의원,한의원,031-409-8856,"경기도 안산시 상록구 부곡로 124 (부곡동, 부곡프라자)",,,,,,,,,2022-06-01
세화치과의원,치과의원,031-417-2204,"경기도 안산시 상록구 상록수로 16, 2층 203호 (본오동, 우남센스빌)",,,,,,,,,2022-06-01
본오정형외과의원,의원,031-437-1199,경기도 안산시 상록구 석호로 320 (본오동),,,,,,,,,2022-06-01
서울에이스마취통증의학과의원,의원,031-415-1675,"경기도 안산시 상록구 용신로 388, 유니온프라자 401~405호 (본오동)",,,,,,,,,2022-06-01
본한의원,한의원,031-417-1075,"경기도 안산시 상록구 안산대학로 108, 3층 (일동, 웰빙타워)",,,,,,,,,2022-06-01
굿닥터플란트치과의원,치과의원,031-407-2875,"경기도 안산시 상록구 석호로 288, 3층 (본오동)",,,,,,,,,2022-06-01
안산감동한의원,한의원,031-501-2020,"경기도 안산시 상록구 중보로 21, 2층 203호 (이동, 금강프라자)",,,,,,,,,2022-06-01
더조은치과의원,치과의원,031-406-7528,"경기도 안산시 상록구 도매시장로 26, 2층 (이동, 세진빌딩)",,,,,,,,,2022-06-01
수가정의학과의원,의원,031-503-8010,"경기도 안산시 상록구 광덕산3로 43, 1층 (월피동)",,,,,,,,,2022-06-01
경희강한의원,한의원,031-385-0282,"경기도 안산시 상록구 화랑로 513, 311, 314, 316호 (성포동, 예술인아파트 스타프라자)",,,,,,,,,2022-06-01
참조은치과의원,치과의원,031-405-2873,"경기도 안산시 상록구 예술광장1로 124, 선경프라자 206호 (성포동)",,,,,,,,,2022-06-01
베스트원의원,의원,031-407-5114,경기도 안산시 상록구 본오로 55 (본오동),,,,,,,,,2022-06-01
안산중앙치과의원,치과의원,031-408-2888,"경기도 안산시 상록구 용신로 393 (본오동, 청암빌딩 207, 208, 209호)",,,,,,,,,2022-06-01
JW의원,의원,031-408-1540,경기도 안산시 상록구 샘골로 131 (본오동),,,,,,,,,2022-06-01
두리서울치과의원,치과의원,031-480-2884,"경기도 안산시 상록구 예술광장로 35 (월피동, 에스엘타운)",,,,,,,,,2022-06-01
원소아청소년과의원,의원,031-438-0503,"경기도 안산시 상록구 건건로 122 (건건동, 402호(덕천빌딩))",,,,,,,,,2022-06-01
임신경외과의원,의원,031-491-4500,"경기도 안산시 상록구 예술광장로 35, 5층 501호 (월피동)",,,,,,,,,2022-06-01
만인마취통증의학과의원,의원,031-502-0644,"경기도 안산시 상록구 샘골로 153, 201-1호 (본오동)",,,,,,,,,2022-06-01
마성호내과의원,의원,031-416-5537,"경기도 안산시 상록구 고목로3길 25, 2층 (본오동)",,,,,,,,,2022-06-01
안산의료복지사회적협동조합새안산상록의원,의원,031-401-7577,"경기도 안산시 상록구 석호로 292, 2층 (본오동)",,,,,,,,,2022-06-01
한사랑우리치과의원,치과의원,031-417-7528,"경기도 안산시 상록구 광덕1로 341, 304호 (이동, 제스트프라자)",,,,,,,,,2022-06-01
열린문외과의원,의원,031-416-0714,"경기도 안산시 상록구 석호로 220 (사동, 2~4층)",,,,,,,,,2022-06-01
예담치과의원,치과의원,031-417-2275,"경기도 안산시 상록구 석호로 235, 4층 (사동)",,,,,,,,,2022-06-01
김명한안과의원,의원,031-408-5512,"경기도 안산시 상록구 용신로 394, 501호 (본오동)",,,,,,,,,2022-06-01
안산드림김안과의원,의원,031-408-0897,"경기도 안산시 상록구 상록수로 54 (본오동, 201호일부,203,204호)",,,,,,,,,2022-06-01
편한내과의원,의원,031-505-2222,"경기도 안산시 상록구 용신로 394, 502호 (본오동, 서해프라자)",,,,,,,,,2022-06-01
연세가정의학과의원,의원,031-437-1110,"경기도 안산시 상록구 건건1길 38 (건건동, 2층)",,,,,,,,,2022-06-01
상록한의원,한의원,031-406-5999,"경기도 안산시 상록구 석호로 102 (사동, 2~4층)",,,,,,,,,2022-06-01
부곡경희한의원,한의원,031-406-8883,"경기도 안산시 상록구 부곡로 123 (부곡동, 2~3층)",,,,,,,,,2022-06-01
하나가정의원,의원,031-409-7870,"경기도 안산시 상록구 영화6길 25, 2층 (사동)",,,,,,,,,2022-06-01
한사랑의원,의원,031-501-2202,"경기도 안산시 상록구 본오로 64, 2층 (본오동)",,,,,,,,,2022-06-01
본오중앙치과의원,치과의원,031-418-2275,경기도 안산시 상록구 반석로 118 (본오동),,,,,,,,,2022-06-01
효성한의원,한의원,031-408-7576,"경기도 안산시 상록구 부곡로 135, 3층 (부곡동, 제일빌딩)",,,,,,,,,2022-06-01
안산무지개연합의원,의원,031-405-9011,"경기도 안산시 상록구 항가울로 410 (성포동, 롯데마트)",,,,,,,,,2022-06-01
삼성키즈소아청소년과의원,의원,031-501-1722,"경기도 안산시 상록구 반석로 8 (본오동, 롯데마트 상록점 3층)",,,,,,,,,2022-06-01
우리안신경외과의원,의원,031-484-7777,"경기도 안산시 상록구 용신로 364 (본오동, 203~204,301~306호)",,,,,,,,,2022-06-01
사랑드림내과의원,의원,031-438-8275,경기도 안산시 상록구 도매시장로 41 (이동),,,,,,,,,2022-06-01
온국민보건의료소비자생활협동조합 제니스의원,의원,031-406-4243,"경기도 안산시 상록구 용신로 389 (본오동, 상록수상가)",,,,,,,,,2022-06-01
수암치과의원,치과의원,031-480-2877,"경기도 안산시 상록구 수인로 2016, 2층 (수암동)",,,,,,,,,2022-06-01
강남수내과의원,의원,031-406-7585,경기도 안산시 상록구 석호로 288 (본오동),,,,,,,,,2022-06-01
자연치유한의원,한의원,031-403-4075,"경기도 안산시 상록구 월피로 55, 4층 (월피동)",,,,,,,,,2022-06-01
신성한의원,한의원,031-438-3355,"경기도 안산시 상록구 건건1길 29, 1층 (건건동)",,,,,,,,,2022-06-01
부곡고려정형외과의원,의원,031-417-7588,"경기도 안산시 상록구 부곡로 135, 1~3층 (부곡동)",,,,,,,,,2022-06-01
21세기의원,의원,031-419-8181,"경기도 안산시 상록구 샘골로 142 (본오동, 동보프라자)",,,,,,,,,2022-06-01
굿페이스치과의원,치과의원,031-406-2884,"경기도 안산시 상록구 도매시장로 31 (이동, 2층 일부)",,,,,,,,,2022-06-01
하늘치과의원,치과의원,031-418-2875,"경기도 안산시 상록구 용신로 388, 유니온프라자 6층 601~603호 (본오동)",,,,,,,,,2022-06-01
동안산치과의원,치과의원,031-403-2873,"경기도 안산시 상록구 월피로 88, 2층 (월피동, 동안산병원검진센타동)",,,,,,,,,2022-06-01
자연생생한의원,한의원,031-502-0075,"경기도 안산시 상록구 부곡로 114, 3층 (부곡동)",,,,,,,,,2022-06-01
서울삼성치과의원,치과의원,031-407-2885,"경기도 안산시 상록구 샘골로 148 (본오동, 한미상가)",,,,,,,,,2022-06-01
안산의료복지사회적협동조합 새안산우리치과의원,치과의원,031-401-2208,"경기도 안산시 상록구 예술광장로 31, 파크프라자 505~509호 (월피동)",,,,,,,,,2022-06-01
본연합치과의원,치과의원,031-419-2835,"경기도 안산시 상록구 본오로 128 (본오동, 3층)",,,,,,,,,2022-06-01
참정형외과의원,의원,031-405-8278,"경기도 안산시 상록구 예술광장1로 16, 401~402호 (월피동, 칠성프라자)",,,,,,,,,2022-06-01
이동훼미리치과의원,치과의원,031-502-2800,"경기도 안산시 상록구 도매시장로 43, 2층 (이동)",,,,,,,,,2022-06-01
명성의원,의원,031-407-4406,"경기도 안산시 상록구 안산대학로 108, 2층 (일동)",,,,,,,,,2022-06-01
(의) 열린의료재단 안산열린의원,의원,031-415-0072,"경기도 안산시 상록구 용신로 388 (본오동, 유니온프라자 501~505호)",,,,,,,,,2022-06-01
더화이트치과의원,치과의원,031-419-9777,"경기도 안산시 상록구 본오로 146-1, 2층,1층 일부 (본오동)",,,,,,,,,2022-06-01
경희미소한의원,한의원,031-403-0715,"경기도 안산시 상록구 화랑로 501, 204호 (성포동, 예술프라자)",,,,,,,,,2022-06-01
자명한의원,한의원,031-407-0009,경기도 안산시 상록구 영화6길 24 (사동),,,,,,,,,2022-06-01
훼미리치과의원,치과의원,031-415-2875,"경기도 안산시 상록구 석호로 312, 3층 (본오동)",,,,,,,,,2022-06-01
본오제일의원,의원,031-415-7572,"경기도 안산시 상록구 본이로 53, 2층 (본오동)",,,,,,,,,2022-06-01
김영윤치과의원,치과의원,031-416-2175,"경기도 안산시 상록구 본오로 91, 2층 (본오동)",,,,,,,,,2022-06-01
진솔한의원,한의원,031-408-1175,"경기도 안산시 상록구 도매시장로 92-1, 1층 (일동)",,,,,,,,,2022-06-01
한사랑치과의원,치과의원,031-438-7528,"경기도 안산시 상록구 각골로 74 (본오동, 2층)",,,,,,,,,2022-06-01
내츄럴치과의원,치과의원,031-406-2825,"경기도 안산시 상록구 본오로 59, 2층 (본오동)",,,,,,,,,2022-06-01
안산한의원,한의원,031-409-1075,"경기도 안산시 상록구 본삼로 49, 3층 302,303호 (본오동, 대명빌딩)",,,,,,,,,2022-06-01
닥터조치과의원,치과의원,031-438-2119,"경기도 안산시 상록구 해양1로 34, 401~402호 (사동, 푸르지오7차상가)",,,,,,,,,2022-06-01
팔곡연세의원,의원,031-437-8781,"경기도 안산시 상록구 정동1길 2, 1층 (팔곡일동)",,,,,,,,,2022-06-01
위내과의원,의원,031-419-8275,"경기도 안산시 상록구 본오로 124, 2층 (본오동)",,,,,,,,,2022-06-01
맥한의원,한의원,031-417-3075,"경기도 안산시 상록구 본오로 128, 4층 (본오동)",,,,,,,,,2022-06-01
우리가족의원,의원,031-482-3211,"경기도 안산시 상록구 본오로 124, 2층 (본오동)",,,,,,,,,2022-06-01
현대외과의원,의원,031-437-8000,"경기도 안산시 상록구 건건로 117 (건건동, 2층)",,,,,,,,,2022-06-01
활력한의원,한의원,031-438-7975,"경기도 안산시 상록구 샘골로 111, 강남빌딩 202호 (본오동)",,,,,,,,,2022-06-01
다솜의원,의원,031-401-7815,"경기도 안산시 상록구 화랑로 501, 예술프라자 302호 (성포동)",,,,,,,,,2022-06-01
해나무한의원,한의원,031-485-1073,"경기도 안산시 상록구 화랑로 501, 304호 (성포동)",,,,,,,,,2022-06-01
이-믿음치과의원,치과의원,031-439-2877,"경기도 안산시 상록구 샘골로 152 (본오동, 2층)",,,,,,,,,2022-06-01
서울윌치과의원,치과의원,031-437-2887,"경기도 안산시 상록구 건건로 117 (건건동, 303호)",,,,,,,,,2022-06-01
반월경희한의원,한의원,031-438-2900,"경기도 안산시 상록구 건건로 122 (건건동, 덕천상가 301호,302호)",,,,,,,,,2022-06-01
굿치과의원,치과의원,031-486-2755,"경기도 안산시 상록구 화랑로 501, 305~306호 (성포동)",,,,,,,,,2022-06-01
서울정형외과의원,의원,031-437-5661,"경기도 안산시 상록구 석호로 162-1, 1~4층 (사동)",,,,,,,,,2022-06-01
고외과의원,의원,031-502-8100,"경기도 안산시 상록구 선진4길 39-1, 1~4층 (사동)",,,,,,,,,2022-06-01
해바라기치과의원,치과의원,031-417-8275,"경기도 안산시 상록구 부곡로 131, 1호 (부곡동)",,,,,,,,,2022-06-01
아름다운피부과의원,의원,031-409-1161,"경기도 안산시 상록구 상록수로 54, 502호 (본오동)",,,,,,,,,2022-06-01
민들레치과의원,치과의원,031-419-8575,"경기도 안산시 상록구 초당로 50, 2층 (사동)",,,,,,,,,2022-06-01
365열린의원,의원,031-405-0365,"경기도 안산시 상록구 시낭북로4길 1, 2층 (부곡동)",,,,,,,,,2022-06-01
보아스이비인후과의원,의원,031 406 5075,"경기도 안산시 상록구 샘골로 142 (본오동, 동보프라자)",,,,,,,,,2022-06-01
성삼의료재단영광한의원,한의원,031-416-1075,"경기도 안산시 상록구 안산대학로 105, 2층 (일동)",,,,,,,,,2022-06-01
미즈피아산부인과의원,의원,031-407-0077,경기도 안산시 상록구 샘골로 112 (본오동),,,,,,,,,2022-06-01
정소아과의원,의원,031-418-8575,"경기도 안산시 상록구 감골2로 40, 2층 206호 (사동, 현대2차중심상가)",,,,,,,,,2022-06-01
다홍한의원,한의원,031-406-3324,"경기도 안산시 상록구 해양1로 15, 2층 202, 208, 209호 (사동, 안산고잔6차푸르지오 상가동)",,,,,,,,,2022-06-01
희망의원,의원,031-406-5556,"경기도 안산시 상록구 반석로 77, 1층 (본오동)",,,,,,,,,2022-06-01
연세우리의원,의원,031-408-8275,"경기도 안산시 상록구 항가울로 14-1, 2~3층 (사동)",,,,,,,,,2022-06-01
연세가정의학과소아과의원,의원,031-502-8275-6,"경기도 안산시 상록구 해양1로 11, 203,204호 (사동, 푸르지오6차 상가)",,,,,,,,,2022-06-01
한솔가정의학과의원,의원,031-415-0603,"경기도 안산시 상록구 샘골로 38, 2층 (본오동)",,,,,,,,,2022-06-01
연세조내과의원,의원,031-437-1119,"경기도 안산시 상록구 샘골로 147 (본오동, 대산빌딩)",,,,,,,,,2022-06-01
정다운치과의원,치과의원,031-502-7582,"경기도 안산시 상록구 삼리로 34, 2층 (사동)",,,,,,,,,2022-06-01
자미한의원,한의원,031-408-8877,"경기도 안산시 상록구 샘골로 139, 201호 (본오동, 광림빌딩)",,,,,,,,,2022-06-01
이튼치과의원,치과의원,031-438-2080,"경기도 안산시 상록구 일동로 24, 3층 전체 (일동)",,,,,,,,,2022-06-01
일동튼튼의원,의원,031-407-4700,"경기도 안산시 상록구 일동로 24, 2층 (일동)",,,,,,,,,2022-06-01
마음속내과의원,의원,031-502-7766,"경기도 안산시 상록구 용신로 382, 2층 (본오동, 상경빌딩)",,,,,,,,,2022-06-01
상큼한치과의원,치과의원,031-415-2828,"경기도 안산시 상록구 본오로 142, 3층 (본오동)",,,,,,,,,2022-06-01
해맑은치과의원,치과의원,031-408-0056,"경기도 안산시 상록구 성호로 120, 2층 (일동)",,,,,,,,,2022-06-01
재)성빈센트드뽈자비의수녀회유지재단안산빈센트의원,의원,031-407-9780,"경기도 안산시 상록구 한양대학로 39 (사동, 1~2층)",,,,,,,,,2022-06-01
수암한의원,한의원,031-484-7511,경기도 안산시 상록구 수암1길 3 (수암동),,,,,,,,,2022-06-01
아름다운치과의원,치과의원,031-502-7528,"경기도 안산시 상록구 샘골로 105, 2층 (본오동)",,,,,,,,,2022-06-01
상록우리들소아청소년과의원,의원,031-407-9797,"경기도 안산시 상록구 본삼로 49, 301호 (본오동, 대명빌딩)",,,,,,,,,2022-06-01
신농씨한의원,한의원,031-407-8575,"경기도 안산시 상록구 용신로 390, 403,405호 (본오동)",,,,,,,,,2022-06-01
상록우리치과의원,치과의원,031-438-2884,"경기도 안산시 상록구 석호로 180, 1층 (사동)",,,,,,,,,2022-06-01
진외과의원,의원,031-411-1113,"경기도 안산시 상록구 예술광장1로 54, 2층 (월피동, 오성프라자)",,,,,,,,,2022-06-01
삼성큐치과의원,치과의원,031-415-2804,"경기도 안산시 상록구 본삼로 51, 402호 (본오동, 리치스빌딩)",,,,,,,,,2022-06-01
제중당한의원,한의원,031-402-1075,"경기도 안산시 상록구 건건로 117 (건건동, 301호 302호)",,,,,,,,,2022-06-01
현대가정의원,의원,031-415-0103,경기도 안산시 상록구 도매시장로 105-1 (일동),,,,,,,,,2022-06-01
행복한여성의원,의원,031-438-3501,"경기도 안산시 상록구 샘골로 187, 2층 (본오동)",,,,,,,,,2022-06-01
정인치과의원,치과의원,031-438-8575,"경기도 안산시 상록구 도매시장로 103, 2층 (일동)",,,,,,,,,2022-06-01
미래의원,의원,031-501-6777,"경기도 안산시 상록구 샘골로 144, 201~202호 (본오동, 유경빌딩)",,,,,,,,,2022-06-01
진내과의원,의원,031-419-0095,"경기도 안산시 상록구 샘골로 140, 201,202,204호 (본오동, 경남빌딩)",,,,,,,,,2022-06-01
하나정형외과의원,의원,031-409-8275,경기도 안산시 상록구 도매시장로 31 (이동),,,,,,,,,2022-06-01
봄빛치과의원,치과의원,031-418-2822,"경기도 안산시 상록구 성호로13길 2, 2층 (부곡동)",,,,,,,,,2022-06-01
본오이사랑치과의원,치과의원,031-501-2804,"경기도 안산시 상록구 이호로 82-1, 2층 (본오동)",,,,,,,,,2022-06-01
감골한의원,한의원,031-502-1175,"경기도 안산시 상록구 석호로 184, 201호 (사동)",,,,,,,,,2022-06-01
안산인한의원,한의원,031-415-7575,"경기도 안산시 상록구 석호로 294, 2층 (본오동)",,,,,,,,,2022-06-01
중앙안과의원,의원,031-486-0123,"경기도 안산시 상록구 화랑로 513, 3층 1,2,25~27호 (성포동, 스타프라자)",,,,,,,,,2022-06-01
수암성가의원,의원,031-485-2545,"경기도 안산시 상록구 수암1길 7 (수암동, 선경탑스빌)",,,,,,,,,2022-06-01
이찬수정형외과의원,의원,031-406-6767,경기도 안산시 상록구 중보1길 24 (이동),,,,,,,,,2022-06-01
스타소아청소년과의원,의원,031-482-5312,"경기도 안산시 상록구 화랑로 513, 3층 3호, 9호 (성포동, 예술인아파트 스타프라자)",,,,,,,,,2022-06-01
송정신건강의학과의원,의원,031-501-1480,"경기도 안산시 상록구 상록수로 54, 303호 (본오동, 대동빌딩)",,,,,,,,,2022-06-01
안산재활의학과의원,의원,031-417-8575,경기도 안산시 상록구 본오로 118 (본오동),,,,,,,,,2022-06-01
참경희한의원,한의원,031-416-9875,경기도 안산시 상록구 항가울로 35 (사동),,,,,,,,,2022-06-01
제일한의원,한의원,031-418-9898,"경기도 안산시 상록구 감골1로 29, 202호 (사동, 월드크리닉)",,,,,,,,,2022-06-01
로진경희한의원,한의원,031-416-7575,"경기도 안산시 상록구 광덕1로 366, 201~202호 (이동, 로진메디칼)",,,,,,,,,2022-06-01
우리한의원,한의원,031-417-8833,경기도 안산시 상록구 도매시장로 16 (이동),,,,,,,,,2022-06-01
누가의원,의원,031-419-4870,경기도 안산시 상록구 각골로 70 (본오동),,,,,,,,,2022-06-01
튼튼백세한의원,한의원,031-689-3368,"경기도 안산시 상록구 월피로 22 (월피동, 현대2차A상가 2층제2호)",,,,,,,,,2022-06-01
자성당한의원,한의원,031-418-5252,"경기도 안산시 상록구 본삼로 45, 3층 (본오동, 덕암빌딩)",,,,,,,,,2022-06-01
연세가정의학과의원,의원,031-419-7286,"경기도 안산시 상록구 본삼로 38, 월드아파트상가3동 202호 (본오동)",,,,,,,,,2022-06-01
조병섭내과의원,의원,031-411-5119,"경기도 안산시 상록구 예술광장1로 124, 201호 (성포동, 선경프라자)",,,,,,,,,2022-06-01
한일한의원,한의원,031-416-3690,"경기도 안산시 상록구 도매시장로 20, 2층 201, 202호 (이동)",,,,,,,,,2022-06-01
안산고려의원,의원,031-406-3321,"경기도 안산시 상록구 광덕1로 366, 6층 (이동, 로진메디칼빌딩)",,,,,,,,,2022-06-01
밝은성모안과의원,의원,031-419-6005,"경기도 안산시 상록구 샘골로 148, 2층 (본오동, 한미빌딩)",,,,,,,,,2022-06-01
스마일내과의원,의원,031-409-0900,"경기도 안산시 상록구 광덕1로 366, 304~305호 (이동, 로진메디칼)",,,,,,,,,2022-06-01
박승철내과의원,의원,031-438-1175,"경기도 안산시 상록구 부곡로 128, 2층 (부곡동)",,,,,,,,,2022-06-01
참사랑의원,의원,031-502-4077,경기도 안산시 상록구 부곡로 28 (부곡동),,,,,,,,,2022-06-01
하나의원,의원,031-481-8282,"경기도 안산시 상록구 광덕산2로 22, 114,118호 (월피동, 은성빌딩)",,,,,,,,,2022-06-01
행복한치과의원,치과의원,031-501-2875,"경기도 안산시 상록구 광덕1로 386, 407호 (이동, 캠퍼스타운)",,,,,,,,,2022-06-01
현제의원,의원,031-419-5377,"경기도 안산시 상록구 초당로 52, 2층 (사동)",,,,,,,,,2022-06-01
청수한의원,한의원,031-439-0075,경기도 안산시 상록구 샘골로 54 (본오동),,,,,,,,,2022-06-01
현대내과의원,의원,031-407-2020,"경기도 안산시 상록구 샘골로 172, 203호 (본오동, 윤창빌딩)",,,,,,,,,2022-06-01
고잔e-편한치과의원,치과의원,031-419-2875,"경기도 안산시 상록구 광덕1로 366, 204호 (이동, 로진메디칼)",,,,,,,,,2022-06-01
백치과의원,치과의원,031-408-2275,"경기도 안산시 상록구 상록수로 54, 301호 (본오동, 대동빌딩)",,,,,,,,,2022-06-01
한대경성한의원,한의원,031-419-6216,"경기도 안산시 상록구 광덕1로 376, 303호 (이동, 한대빌딩)",,,,,,,,,2022-06-01
서울정신건강의학과의원,의원,031-437-0413,"경기도 안산시 상록구 용신로 393, 303호 (본오동, 청암빌딩)",,,,,,,,,2022-06-01
상록이비인후과의원,의원,031-502-8465,"경기도 안산시 상록구 샘골로 140, 103~105호 (본오동, 경남빌딩)",,,,,,,,,2022-06-01
삼성본오의원,의원,031-418-0567,경기도 안산시 상록구 용신로 384 (본오동),,,,,,,,,2022-06-01
현치과의원,치과의원,031-487-1586,"경기도 안산시 상록구 예술광장1로 16, 304호 (월피동, 칠성프라자)",,,,,,,,,2022-06-01
서울내과의원,의원,031-417-7582,"경기도 안산시 상록구 상록수로 54, 402호 (본오동, 대동빌딩)",,,,,,,,,2022-06-01
서울이비인후과의원,의원,031-418-5522,"경기도 안산시 상록구 광덕1로 376, 302호 (이동, 한대프라자)",,,,,,,,,2022-06-01
이서울이비인후과의원,의원,031-416-7555,"경기도 안산시 상록구 본삼로 51, 302호 (본오동)",,,,,,,,,2022-06-01
청아한의원,한의원,031-413-1010,"경기도 안산시 상록구 본삼로 39 (본오동, 인제빌딩)",,,,,,,,,2022-06-01
소나무한의원,한의원,031-501-8275,"경기도 안산시 상록구 건건로 66, 스마트타워 202호 (건건동)",,,,,,,,,2022-06-01
한마음치과의원,치과의원,031-407-2277,"경기도 안산시 상록구 광덕1로 376, 202호 (이동, 한대프라자)",,,,,,,,,2022-06-01
안세치과의원,치과의원,031-418-2882,"경기도 안산시 상록구 감골1로 60, 3층 303호 (사동)",,,,,,,,,2022-06-01
고잔연세내과의원,의원,031-438-7585,"경기도 안산시 상록구 광덕1로 376, 304호 (이동, 한대빌딩)",,,,,,,,,2022-06-01
이화소아청소년과의원,의원,031-437-0210,"경기도 안산시 상록구 광덕1로 376, 205호 (이동, 한대프라자)",,,,,,,,,2022-06-01
B.M산부인과의원,의원,031-501-0660,"경기도 안산시 상록구 광덕1로 376, 4층 (이동, 한대빌딩)",,,,,,,,,2022-06-01
안산의료복지사회적협동조합 새안산한의원,한의원,031-413-2206,"경기도 안산시 상록구 예술광장로 31, 파크프라자 501~504호 (월피동)",,,,,,,,,2022-06-01
안산의료복지사회적협동조합 새안산의원,의원,031-405-8333,"경기도 안산시 상록구 예술광장로 31, 파크프라자 604~609호 (월피동)",,,,,,,,,2022-06-01
편한e치과의원,치과의원,031-502-2804,경기도 안산시 상록구 항가울로 19 (사동),,,,,,,,,2022-06-01
고잔정형외과의원,의원,031-438-2111,경기도 안산시 상록구 용신로 254-1 (사동),,,,,,,,,2022-06-01
제일성모의원,의원,031-520-5288,"경기도 안산시 상록구 석호로 296, 1층 (본오동)",,,,,,,,,2022-06-01
늘푸른치과의원,치과의원,031-438-2804,"경기도 안산시 상록구 중보로 47, 302호 (이동, 고잔프라자)",,,,,,,,,2022-06-01
김상후이비인후과의원,의원,031-485-8575,"경기도 안산시 상록구 예술광장1로 16, 404~405호 (월피동, 칠성프라자)",,,,,,,,,2022-06-01
고려한의원,한의원,031-410-0333,경기도 안산시 상록구 예술광장1로 126 (성포동),,,,,,,,,2022-06-01
서울중앙의원,의원,031-407-1014,"경기도 안산시 상록구 평안로1길 14, 2층 (사동)",,,,,,,,,2022-06-01
반월원광한의원,한의원,031-502-7399,"경기도 안산시 상록구 건건3길 5, 404호 (건건동, 센타프라자)",,,,,,,,,2022-06-01
늘푸른마취통증의학과의원,의원,031-419-0750,"경기도 안산시 상록구 본삼로 51, 204호 (본오동)",,,,,,,,,2022-06-01
한양재활의학과의원,의원,031-502-2552,"경기도 안산시 상록구 샘골로 154, 2층 201호 (본오동)",,,,,,,,,2022-06-01
서울성모의원,의원,031-407-1175,"경기도 안산시 상록구 구룡로 15, 2층 (일동)",,,,,,,,,2022-06-01
반월제일의원,의원,031-438-8001,"경기도 안산시 상록구 건건1길 27, 105호 (건건동, 한일프라자 )",,,,,,,,,2022-06-01
연세성모의원,의원,031-502-7575,"경기도 안산시 상록구 부곡로 130 (부곡동, 연세성모의원)",,,,,,,,,2022-06-01
우리외과의원,의원,031-418-7114,"경기도 안산시 상록구 석호로 310-1, 1~3층 (본오동)",,,,,,,,,2022-06-01
양세의원,의원,031-416-2776,"경기도 안산시 상록구 석호로 184 (사동, 1,2층 각일부)",,,,,,,,,2022-06-01
일동제일의원,의원,031-417-0380,"경기도 안산시 상록구 도매시장로 102, 1층 (일동)",,,,,,,,,2022-06-01
이가편한필치과의원,치과의원,031-407-2275,"경기도 안산시 상록구 도매시장로 20, 303~304호 (이동)",,,,,,,,,2022-06-01
안리숙내과의원,의원,031-501-8867,"경기도 안산시 상록구 감골1로 29, 1층 101호 (사동, 월드크리닉)",,,,,,,,,2022-06-01
부곡치과의원,치과의원,031-416-2994,"경기도 안산시 상록구 부곡로 124, 301호 (부곡동, 부곡프라자)",,,,,,,,,2022-06-01
으뜸치과의원,치과의원,031-487-2875,"경기도 안산시 상록구 예술광장로 63, 203호 (성포동, 성포프라자)",,,,,,,,,2022-06-01
김소강치과의원,치과의원,031-486-1435,"경기도 안산시 상록구 화랑로 508 (성포동, 예일빌딩)",,,,,,,,,2022-06-01
원의료소비자생활협동조합 감골치과의원,치과의원,031-502-2262,"경기도 안산시 상록구 감골1로 35, 101,102호 (사동)",,,,,,,,,2022-06-01
베스트치과의원,치과의원,031-419-5944,"경기도 안산시 상록구 도매시장로 16, 302호 (이동)",,,,,,,,,2022-06-01
이수형한의원,한의원,031-484-5900,"경기도 안산시 상록구 예술광장1로 16, 303호 (월피동, 칠성프라자)",,,,,,,,,2022-06-01
중화당한의원,한의원,031-419-9944,"경기도 안산시 상록구 본오로 133, 202호 (본오동)",,,,,,,,,2022-06-01
김경천안과의원,의원,031-484-4665,"경기도 안산시 상록구 예술광장1로 126, 경동프라자 206호 (성포동)",,,,,,,,,2022-06-01
장수한의원,한의원,031-409-0541,"경기도 안산시 상록구 샘골로 148, 202호 (본오동)",,,,,,,,,2022-06-01
조한의원,한의원,031-406-1017,"경기도 안산시 상록구 샘골로 147, 204호 (본오동)",,,,,,,,,2022-06-01
정영호치과의원,치과의원,031-413-7582,"경기도 안산시 상록구 예술광장1로 94, 301호 (성포동)",,,,,,,,,2022-06-01
성모안과의원,의원,031-418-6001,"경기도 안산시 상록구 본삼로 51, 201호 (본오동, 리치스빌딩)",,,,,,,,,2022-06-01
지성메디칼의원,의원,031-418-7723,"경기도 안산시 상록구 샘골로 190, 2층 (본오동, 국제프라자)",,,,,,,,,2022-06-01
이화산부인과의원,의원,031-408-6420,"경기도 안산시 상록구 샘골로 141, 202~203호 (본오동)",,,,,,,,,2022-06-01
수암강서의원,의원,031-485-2754,"경기도 안산시 상록구 수인로 2012, 2층 (수암동)",,,,,,,,,2022-06-01
상록수산부인과의원,의원,031-406-9103,"경기도 안산시 상록구 상록수로 50, 302~307호 (본오동, 미림프라자)",,,,,,,,,2022-06-01
홍기정이비인후과의원,의원,031-487-2666,"경기도 안산시 상록구 예술광장1로 126, 202호 (성포동, (경동프라자))",,,,,,,,,2022-06-01
미치과의원,치과의원,031-485-2275,"경기도 안산시 상록구 안산천동로1길 29, 2층 (월피동, 안산현대2차아파트, a상가)",,,,,,,,,2022-06-01
서울치과의원,치과의원,031-437-2875,"경기도 안산시 상록구 건건3길 5 (건건동, 센타프라자402호)",,,,,,,,,2022-06-01
반월치과의원,치과의원,031-599-0828,"경기도 안산시 상록구 건건8길 2, 304호 (건건동, 이편한세상주상가동)",,,,,,,,,2022-06-01
서울의원,의원,031-437-9437,"경기도 안산시 상록구 건건3길 5, 401호 (건건동, 센타프라자)",,,,,,,,,2022-06-01
원광한의원,한의원,031-401-6300,"경기도 안산시 상록구 화랑로 508, 2층 (성포동, 예일빌딩)",,,,,,,,,2022-06-01
선치과의원,치과의원,031-401-5404,"경기도 안산시 상록구 예술광장1로 48, 302~303호 (월피동)",,,,,,,,,2022-06-01
부모치과의원,치과의원,031-418-4843,"경기도 안산시 상록구 선진로 112, 201호 (사동)",,,,,,,,,2022-06-01
미서울치과의원,치과의원,031-406-9776,"경기도 안산시 상록구 샘골로 147, 202,203호 (본오동, 대산빌딩)",,,,,,,,,2022-06-01
용피부과의원,의원,031-419-1379,"경기도 안산시 상록구 본삼로 51, 304호 (본오동, 리치스빌딩)",,,,,,,,,2022-06-01
최비뇨기과의원,의원,031-418-0095,"경기도 안산시 상록구 용신로 393, 305호 (본오동, 청암빌딩)",,,,,,,,,2022-06-01
미소래치과의원,치과의원,031-406-3497,"경기도 안산시 상록구 반석로 54, 309호 (본오동, 신안프라자)",,,,,,,,,2022-06-01
노동주치과의원,치과의원,031-416-2875,"경기도 안산시 상록구 도매시장로 90, 1층 (일동)",,,,,,,,,2022-06-01
김성수한의원,한의원,031-409-0079,"경기도 안산시 상록구 본삼로 60, 302호 (본오동, 월드프라자)",,,,,,,,,2022-06-01
연세내과의원,의원,031-411-0090,"경기도 안산시 상록구 화랑로 514, 210,211호 (성포동, 주공아파트종합상가)",,,,,,,,,2022-06-01
믿음치과의원,치과의원,031-411-2800,"경기도 안산시 상록구 월피로 31, 204,205호 (월피동)",,,,,,,,,2022-06-01
이기영산부인과의원,의원,031-486-8909,"경기도 안산시 상록구 예술광장1로 126, 302~304호 (성포동)",,,,,,,,,2022-06-01
하상윤치과의원,치과의원,031-408-2729,"경기도 안산시 상록구 샘골로 142, 202호 (본오동)",,,,,,,,,2022-06-01
백내과의원,의원,031-408-0330,"경기도 안산시 상록구 중보로 47, 206호 (이동)",,,,,,,,,2022-06-01
동명한의원,한의원,031-407-1870,"경기도 안산시 상록구 샘골로 144, 203호 (본오동)",,,,,,,,,2022-06-01
서정열이비인후과의원,의원,031-409-9140,"경기도 안산시 상록구 용신로 382, 301호 (본오동)",,,,,,,,,2022-06-01
정정형외과의원,의원,031-409-3999,"경기도 안산시 상록구 용신로 432, 2층 (본오동)",,,,,,,,,2022-06-01
정가정의원,의원,031-409-8248,"경기도 안산시 상록구 샘골로 143, 2층 (본오동, 청원빌딩)",,,,,,,,,2022-06-01
대한치과의원,치과의원,031-409-9931,"경기도 안산시 상록구 샘골로 143, 2층 (본오동, 청원빌딩)",,,,,,,,,2022-06-01
강현부부치과의원,치과의원,031-407-2211,"경기도 안산시 상록구 반석로 20, 롯데마트3층 (본오동)",,,,,,,,,2022-06-01
손이비인후과의원,의원,031-401-5458,"경기도 안산시 상록구 화랑로 513, 예술인아파트 스타프라자 305,306,313호 (성포동)",,,,,,,,,2022-06-01
우성치과의원,치과의원,031-407-5932,"경기도 안산시 상록구 본오로 133, 201호 (본오동, 우성아파트상가)",,,,,,,,,2022-06-01
상아치과의원,치과의원,031-403-2875,"경기도 안산시 상록구 예술광장1로 126, 201,301호 (성포동)",,,,,,,,,2022-06-01
성제한의원,한의원,031-418-3111,"경기도 안산시 상록구 감골2로 11, 306호 (사동, 욱일아파트상가)",,,,,,,,,2022-06-01
김성봉내과의원,의원,031-409-2020,"경기도 안산시 상록구 용신로 393, 210,304호 (본오동, 청암빌딩)",,,,,,,,,2022-06-01
상록치과의원,치과의원,031-407-3258,"경기도 안산시 상록구 본삼로 60, 1동 304호 (본오동, 월드프라자)",,,,,,,,,2022-06-01
형치과의원,치과의원,031-419-2275,"경기도 안산시 상록구 감골1로 29 (사동, 상록수타운월드아파트 월드클리닉)",,,,,,,,,2022-06-01
참소아과의원,의원,031-487-2819,"경기도 안산시 상록구 월피로 31, 2층 202호 (월피동, 한양아파트 상가1동)",,,,,,,,,2022-06-01
세란치과의원,치과의원,031-484-0073,"경기도 안산시 상록구 화랑로 514, 203호 (성포동)",,,,,,,,,2022-06-01
안산치과의원,치과의원,031-407-4047,"경기도 안산시 상록구 용신로 390 (본오동, 현대프라자)",,,,,,,,,2022-06-01
상치과의원,치과의원,031-482-2772,"경기도 안산시 상록구 화랑로 513, 307호 (성포동)",,,,,,,,,2022-06-01
팔곡한의원,한의원,031-480-3078,"경기도 안산시 상록구 해안로 1351 (팔곡이동, 2층)",,,,,,,,,2022-06-01
약산애한방병원,한방병원,031-365-5875,"경기도 안산시 상록구 본이로 44, 2~8층 (본오동)",,,,,,,,,2022-06-01
바른한방병원,한방병원,031-437-6700,"경기도 안산시 상록구 초당로 54, 1~4층 (사동)",,,,,,,,,2022-06-01
서연의료소비자생활협동조합본원한방병원,한방병원,031-501-1199,경기도 안산시 상록구 샘골로 78 (본오동),,,,,,,,,2022-06-01
동수한방병원,한방병원,031-502-7788,"경기도 안산시 상록구 본오로 46-1, 1~4층 (본오동)",,,,,,,,,2022-06-01
백비한방병원,한방병원,031-893-4999,"경기도 안산시 상록구 석호로 196, 109호, 111호, 112호, 113호, 201-1호, 4층 전체호 (사동)",,,,,,,,,2022-06-01
마루한방병원,한방병원,031-409-4100,"경기도 안산시 상록구 광덕1로 385, 6~7층 (이동, 엔타운)",,,,,,,,,2022-06-01
연세서울병원,정신병원,031-415-1010,"경기도 안산시 상록구 선암로 40 (본오동, 드들요양병원)",,,,,,,,,2022-06-01
안성훈한방병원,한방병원,031-365-3625,"경기도 안산시 상록구 광덕산2로 28 (월피동, 2층일부,3층)",,,,,,,,,2022-06-01
의료법인서전의료재단한사랑병원,병원,031-501-7777,경기도 안산시 상록구 광덕1로 345 (이동),,,,,,,,,2022-06-01
기둥병원,병원,031-418-8275,"경기도 안산시 상록구 상록수로 34, 뉴라성관광호텔 2층 일부, 3 층 (본오동)",,,,,,,,,2022-06-01
의료법인해인의료재단 해인요양병원,요양병원(일반요양병원),031-416-1251,"경기도 안산시 상록구 샘골로 43, 1~5층 (본오동)",,,,,,,,,2022-06-01
안산연세병원,정신병원,031-415-7515,"경기도 안산시 상록구 광덕1로 386, 303,401~406,408,501,603~605,7층호 (이동)",,,,,,,,,2022-06-01
동산한방병원,한방병원,031-502-5975,"경기도 안산시 상록구 석호로 43, 2층 (이동, 굿모닝오피스텔)",,,,,,,,,2022-06-01
안산튼튼병원,병원,031-8040-8100,"경기도 안산시 상록구 도매시장로 4 (이동, 광덕빌딩)",,,,,,,,,2022-06-01
안산시립노인전문병원,요양병원(일반요양병원),031-8040-5114,경기도 안산시 상록구 차돌배기로 24 (사동),,,,,,,,,2022-06-01
베스트힐스요양병원,요양병원(일반요양병원),031-415-2300,"경기도 안산시 상록구 선진안길 17 (사동, e-서울병원)",,,,,,,,,2022-06-01
의료법인호원의료재단호원요양병원,요양병원(일반요양병원),031-439-3119,"경기도 안산시 상록구 광덕산2로 22 (월피동, 은성빌딩)",,,,,,,,,2022-06-01
(의)대선의료재단으뜸요양병원,요양병원(일반요양병원),031-363-5200,"경기도 안산시 상록구 용신로 352 (본오동, 목화웨딩홀)",,,,,,,,,2022-06-01
동안산병원,병원,031-410-1116,경기도 안산시 상록구 월피로 88 (월피동),,,,,,,,,2022-06-01
세화병원,병원,031-437-0114,경기도 안산시 상록구 용신로 355 (본오동),,,,,,,,,2022-06-01
의료법인칠석의료재단사랑의병원,병원,031-439-3000,"경기도 안산시 상록구 예술광장로 69, 사랑의병원(593-4번지/593-5번지) (성포동)",,,,,,,,,2022-06-01
근로복지공단안산병원,종합병원,031-500-1114,"경기도 안산시 상록구 구룡로 87, 근로복지공단안산병원 (일동)",,,,,,,,,2022-06-01
